"paper_ID","sample_ID","effectsize_ID","publication_year","reference","document_type","risk_measure","study_setting","sample","sample_job","country","final_sample_size","sample_gender","sample_age_mean","sample_age_sd","risk_variable","risk_mean","risk_sd","risk_reliability","risk_measure_quality","risk_domain","risk_variable_type","outcome_variable","outcome_mean","outcome_sd","outcome_reliability","outcome","outcome_rating_source","n","rxy","sample_id","r_xx","r_yy","vi","vi_c","rxy_c","zyi","autonomy","variety","risk_avg","benefit_avg","uncertainty_avg","val_avg"
2,1,"D_001","2004","Deckop et al. 2004","Published journal article","Risk Aversion","Field","Employed Students","Mix","United States","127",0.45,"35","N/A","Risk Aversion","19.39","6.57","0.82","Not_Validated","General Risk","Self_Report","Withdrawal Cognitions","9.2100000000000009","5.68","0.9","CWB","Self_Reported",127,-0.17,"2_1",0.82,0.9,0.00748440642857143,0.0101414721254355,-0.19788858380138,-0.200534125678338,NA,NA,6.125,4,5.75,3.125
2,1,"D_003","2004","Deckop et al. 2004","Published journal article","Risk Aversion","Field","Employed Students","Mix","United States","127",0.45,"35","N/A","Risk Aversion","19.39","6.57","0.82","Not_Validated","General Risk","Self_Report","Organizational Citizenship Behavior","55.6","10.84","0.9","OCB","Non_SelfReport",127,-0.01,"2_1",0.82,0.9,0.00793492071428572,0.010751925087108,-0.011640504929493,-0.0116410307403062,NA,NA,2,8.375,2.875,8.75
182,1,"D_012","2015","Galizzi et al. 2015","Published journal article","Risk Tolerance","Field","Employed Adults","Mix","United States","6680",0.51,"27","N/A","Risk Tolerance","N/A","N/A","N/A","Not_Validated","Domain Specific Risk","Self_Report","Work","N/A","N/A","N/A","SAFINCID","Non_SelfReport",6680,0,"182_1",NA,NA,0.00014972301242701,NA,NA,NA,NA,NA,NA,NA,NA,NA
458,1,"D_030","1999","Judge et al. 1999","Published journal article","Risk Aversion","Field","Employed Adults","Mix","Mixed","514",0.09,"41.8","N/A","Risk Aversion","2.42","0.53","0.76","Not_Validated","General Risk","Self_Report","Job Performance","N/A","N/A","N/A","TASK","Non_SelfReport",514,0.07,"458_1",0.76,NA,0.00193026122807018,NA,NA,NA,NA,NA,1.5,7.75,2.625,8.375
508,1,"D_060","2015","Yi et al. 2015","Published journal article","Risk Aversion","Field","Employed Adults","Mixed","China","643",0.41,"32","3.99","Risk Aversion","3.71","1.95","0.9","Not_Validated","General Risk","Self_Report","Work Withdrawal","3.11","1.92","0.92","CWB","Self_Reported",643,0.12,"508_1",0.9,0.92,0.00151309557632399,0.00182741011633332,0.131876094679157,0.132648671618381,NA,NA,6.625,2.75,5.625,3
590,2,"D_065","2005","Allen et al. 2005","Published journal article","Risk Aversion","Field","Employed Adults","Mixed","United States","256",0.67,"29","N/A","Risk Aversion","2.54","0.71199999999999997","0.81","Not_Validated","Domain Specific Risk","Self_Report","Turnover intentions","1.95","1","0.91","TRNINT","Self_Reported",256,-0.03,"590_2",0.81,0.91,0.00391451298039216,0.00531069458742661,-0.0349428278907306,-0.0349570600638602,NA,NA,NA,NA,NA,NA
590,2,"D_066","2005","Allen et al. 2005","Published journal article","Risk Aversion","Field","Employed Adults","Mixed","United States","256",0.67,"29","N/A","Risk Aversion","2.54","0.71199999999999997","0.81","Not_Validated","Domain Specific Risk","Self_Report","Turnover","0.25","0.436","N/A","TRNBEH","Non_SelfReport",256,0.01,"590_2",0.81,NA,0.00392078435294118,NA,NA,NA,NA,NA,NA,NA,NA,NA
593,1,"D_067","2009","Lambooij et al. 2009","Published journal article","Risk Aversion","Field","Employed Adults","Mixed","Neatherlands","109",0.32,"44.01","1.0509999999999999","Risk Aversion","0.08","0.14000000000000001","N/A","Not_Validated","Domain Specific Risk","Self_Report","Cooperation with Supervisor","5.63","1.05","0.78","OCB","Self_Reported",109,0.05,"593_1",NA,0.78,0.00921302083333333,NA,NA,NA,NA,NA,2,7.875,2.75,8.5
605,1,"D_085","2018","Zhou et al. 2018","Published journal article","Risk Aversion","Field","Employed Adults","Mixed","China","667",0.49,"25","N/A","Risk Aversion","3.12","0.62","0.76","Not_Validated","General Risk","Self_Report","Whistle Blowing Intention","3.36","0.61","0.72","POSDEV","Self_Reported",667,0.07,"605_1",0.76,0.72,0.00148682283783784,0.00271714699897266,0.0946291623262782,0.0949131475971283,NA,NA,3.125,7.125,4.25,8.5
621,1,"D_094","2015","Peltokorpi et al. 2015","Published journal article","Risk Aversion","Field","Employed Adults","Mixed","Japan","643",0.294,"36.090000000000003","8.18","Risk Aversion","4.1399999999999997","0.87","0.8","Not_Validated","Domain Specific Risk","Self_Report","Turnover intentions","2.38","1.49","0.96","TRNINT","Self_Reported",643,0.16,"621_1",0.8,0.96,0.00147890242990654,0.00192565420560748,0.182574185835055,0.184644351689509,NA,NA,6.125,3.375,5.75,3.25
621,1,"D_095","2015","Peltokorpi et al. 2015","Published journal article","Risk Aversion","Field","Employed Adults","Mixed","Japan","643",0.294,"36.090000000000003","8.18","Risk Aversion","4.1399999999999997","0.87","0.8","Not_Validated","Domain Specific Risk","Self_Report","Voluntary Turnover","0.06","0.23","N/A","TRNBEH","Self_Reported",643,0.14,"621_1",0.8,NA,0.00149717158878505,NA,NA,NA,NA,NA,NA,NA,NA,NA
668,1,"D_098","2022","Baer et al. 2022","Published journal article","Risk Propensity","Field","Employed Adults","Mixed","United States","103",0.66,"42.27","11.04","Risk Propensity","4.67","1.36","0.82","Validated","General Risk","Self_Report","Stimulation Motivation","5.0599999999999996","1.35","0.86","CREATIVEP","Self_Reported",103,0.71,"668_1",0.82,0.86,0.00241094911764706,0.00341881610556872,0.845477777107435,1.24007777862307,NA,NA,3,7.25,4.375,7.5
714,1,"D_123","2018","Tenzer & Yang, 2018","Published journal article",NA,"Online","Employed Adults","Mixed","Germany","457",0.21,"39","N/A","Risk Propensity","0","1","N/A","Not_Validated","General Risk","Self_Report","Creative deviance","0.73","0.44","N/A","POSDEV","Self_Reported",457,0.3,"714_1",NA,NA,0.00181600877192982,NA,NA,NA,NA,NA,5.75,6.75,6.125,6.875
837,1,"D_140","2016","Li et al. 2016","Published journal article","Risk Aversion","Field","Employed Adults","Mixed","China","214",0.39,"30","N/A","Risk Aversion","3.14","0.91","0.84","Not_Validated","General Risk","Self_Report","Taking Charge","N/A","N/A","0.91","OCB","Non_SelfReport",214,0.25,"837_1",0.84,0.91,0.00412632042253521,0.00539811672231189,0.285943131794798,0.294142538153142,NA,NA,3.375,8,4.625,8.375
837,1,"D_141","2016","Li et al. 2016","Published journal article","Risk Aversion","Field","Employed Adults","Mixed","China","214",0.39,"30","N/A","Risk Aversion","3.14","0.91","0.84","Not_Validated","General Risk","Self_Report","Cooperation","N/A","N/A","0.85","OCB","Non_SelfReport",214,-0.02,"837_1",0.84,0.85,0.00469108056338028,0.00657014084507042,-0.0236690534165575,-0.0236734748941647,NA,NA,1.875,8.25,2.5,8.625
837,2,"D_148","2016","Li et al. 2016","Published journal article","Risk Aversion","Field","Employed Adults","Mixed","China","203",0.33,"30","N/A","Risk Aversion","3.14","0.91","0.83","Not_Validated","General Risk","Self_Report","Taking Charge","N/A","N/A","0.93","OCB","Non_SelfReport",203,0.19,"837_2",0.83,0.93,0.00459952084158416,0.00595870040365871,0.216258447292567,0.219727632495265,NA,NA,3.375,8,4.625,8.375
837,2,"D_149","2016","Li et al. 2016","Published journal article","Risk Aversion","Field","Employed Adults","Mixed","China","203",0.33,"30","N/A","Risk Aversion","3.14","0.91","0.83","Not_Validated","General Risk","Self_Report","Helping","N/A","N/A","0.9","OCB","Non_SelfReport",203,-0.02,"837_2",0.83,0.9,0.00494653544554456,0.00662186806632471,-0.0231403378166874,-0.0231444695034894,NA,NA,2,8.125,2.625,8.625
853,1,"D_150","2020","Zhang et al. 2020","Published journal article","Risk Propensity","Field","Employed Adults","Mixed","China","533",0.118,"40.200000000000003","N/A","Risk Propensity","2.75","1.25","0.95399999999999996","Validated","General Risk","Self_Report","Unsafe Behavioral Intention","2.23","0.89","0.97","SAFCOMPLY","Self_Reported",533,-0.549,"853_1",0.954,0.97,0.000917369478949248,0.000991343533412488,-0.57070580489096,-0.648568950598321,NA,NA,NA,NA,NA,NA
871,1,"D_158","2006","Dewett 2006","Published journal article","Risk Propensity","Field","Employed Adults","Mixed","United States","287",0.42,"N/A","N/A","Risk Propensity","3.52","0.96","0.7","Validated","General Risk","Self_Report","Creativity","3.04","1.07","0.96","CREATIVEP","Non_SelfReport",287,-0.02,"871_1",0.7,0.96,0.00349370685314685,0.00519896853146853,-0.0243975018237133,-0.024402344327468,NA,NA,2.75,8.5,4.375,8.75
871,1,"D_161","2006","Dewett 2006","Published journal article","Risk Propensity","Field","Employed Adults","Mixed","United States","287",0.42,"N/A","N/A","Risk Propensity","3.52","0.96","0.7","Validated","General Risk","Self_Report","Willingness to Take Risks at Work","5.1100000000000003","1.03","0.9","CREATIVEP","Self_Reported",287,0.43,"871_1",0.7,0.9,0.002323035,0.00368735714285714,0.541749077979892,0.6066279585364,NA,NA,5.375,7.25,6.25,7.625
1042,1,"D_183","2021","Ng et al. 2021","Published journal article","Risk Tolerance","Field","Employed Adults","Mixed","UAE","316",0.65,"N/A","N/A","Risk Tolerance","4.3979999999999997","1.276","0.78","Not_Validated","General Risk","Self_Report","Work-related Creativity","4.7489999999999997","1.286","0.94","CREATIVEP","Self_Reported",316,0.533,"1042_1",0.78,0.94,0.0016270747934,0.00221914183496999,0.622466496292846,0.729021741318859,NA,NA,2.875,7.75,4,8.375
1136,1,"D_219","2008","Vardaman et al. 2008","Published journal article","Risk Aversion","Field","Employed Adults","Mixed","United States","155",0.51,"36","N/A","Risk Propensity","2.57","0.82","0.76","Not_Validated","Domain Specific Risk","Self_Report","Turnover Intentions","1.91","1.29","0.91","TRNINT","Self_Reported",155,0.16,"1136_1",0.76,0.91,0.00616529454545455,0.00891453809348546,0.192394428097553,0.194822451598499,NA,NA,6.5,3.5,6,2.875
1136,1,"D_220","2008","Vardaman et al. 2008","Published journal article","Risk Aversion","Field","Employed Adults","Mixed","United States","155",0.51,"36","N/A","Risk Propensity","2.57","0.82","0.76","Not_Validated","Domain Specific Risk","Self_Report","Turnover","0.08","0.27","N/A","TRNBEH",NA,155,0.06,"1136_1",0.76,NA,0.0064468374025974,NA,NA,NA,NA,NA,NA,NA,NA,NA
1136,2,"D_224","2008","Vardaman et al. 2008","Published journal article","Risk Aversion","Lab","Employed Students","N/A","United States","222",0.53,"26.1","N/A","Risk Propensity","4.08","1.31","0.62","Not_Validated","Domain Specific Risk","Self_Report","Turnover Choice","3.14","1.33","N/A","TRNINT","Self_Reported",222,0.24,"1136_2",0.62,NA,0.00401863239819005,NA,NA,NA,NA,NA,6.25,4.125,6.25,3.375
3308,1,"D_235","2021","Liu et al. 2021","Published journal article","Risk Propensity","Field","Employed Adults","Mixed","China","195",0.45,"30.55","8.92","Risk Orientation","2.62","0.67","0.81","Validated","General Risk","Self_Report","Supervisor Rated Creativity","3.64","0.57999999999999996","0.79","CREATIVEP","Non_SelfReport",195,-0.01,"3308_1",0.81,0.79,0.00515360829896907,0.00805377136891557,-0.0125009766769558,-0.0125016279323059,NA,NA,3.125,8.125,4.375,8.625
3308,2,"D_239","2021","Liu et al. 2021","Published journal article","Risk Propensity","Field","Employed Adults","Mixed","China","325",0.55,"33.6","8.67","Risk Orientation","2.63","0.72","0.85","Validated","General Risk","Self_Report","Creativity","3.77","0.56999999999999995","0.73","CREATIVEP","Non_SelfReport",325,0.16,"3308_2",0.85,0.73,0.00293041777777778,0.00472267168054437,0.203118317159019,0.205982924134859,NA,NA,3.125,8.125,4.375,8.625
3308,2,"D_242","2021","Liu et al. 2021","Published journal article","Risk Propensity","Field","Employed Adults","Mixed","China","325",0.55,"33.6","8.67","Leader Risk Orientation","2.4300000000000002","0.62","0.81","Validated","General Risk","Self_Report","Creativity","3.77","0.56999999999999995","0.73","CREATIVEP","Non_SelfReport",325,0.2,"3308_2",0.81,0.73,0.00284444444444444,0.0048104928876111,0.260091438213624,0.266206476956696,NA,NA,3.125,8.125,4.375,8.625
5213,1,"D_314","2020","Lingappa et al. 2020","Published journal article","Risk Propensity","Field","Employed Adults","Mixed","India","226",0.2,"N/A","N/A","Risk Propensity","N/A","N/A","0.66","Not_Validated","General Risk","Self_Report","Safety Training Transfer","N/A","N/A","0.71","SAFCOMPLY","Self_Reported",226,-0.06,"5213_1",0.66,0.71,0.00441250204444444,0.00941635092711149,-0.0876496342644037,-0.0878751294844741,NA,NA,1.875,8.25,2.75,8.75
5371,1,"D_317","2007","Donoheu 2007","Published journal article","Risk-Taking Style","Field","Employed Adults","Mixed","Australia","449",0.581,"37.83","N/A","Risk-Taking Style","34.5","5.82","0.76","Validated","Domain Specific Risk","Self_Report","Skill Development","38.17","5.88","0.91","TASK","Self_Reported",449,0.2,"5371_1",0.76,0.91,0.00205714285714286,0.00297446913988267,0.240493035121941,0.245297348101376,NA,NA,NA,NA,NA,NA
5404,1,"D_327","1998","Ashton 1998","Published journal article","Risk Taking","Field","Employed Students","Mixed","N/A","127",0.61,"N/A","N/A","Risk Taking","N/A","N/A","N/A","Validated","General Risk","Self_Report","Workplace Delinquency","N/A","N/A","N/A","CWB","Self_Reported",127,0.3,"5404_1",NA,NA,0.00657222222222222,NA,NA,NA,NA,NA,8.5,1.375,4.375,1.5
5532,1,"D_334","2006","Morrison 2006","Published journal article","Risk Aversion","Field","Employed Students","Mixed","United States","168",0.39,"28","2.23","Risk Propensity","2.21","0.71","0.72","Not_Validated","Domain Specific Risk","Self_Report","Prosocial Rulebreaking","3.05","0.79","N/A","POSDEV","Self_Reported",168,0.18,"5532_1",0.72,NA,0.00560628598802395,NA,NA,NA,NA,NA,7,3.75,6.375,3.25
5532,1,"D_335","2006","Morrison 2006","Published journal article","Risk Aversion","Field","Employed Students","Mixed","United States","168",0.39,"28","2.23","Risk Propensity","2.21","0.71","0.72","Not_Validated","Domain Specific Risk","Self_Report","Prosocial Rulebreaking","3.24","0.88","N/A","POSDEV","Self_Reported",168,0.3,"5532_1",0.72,NA,0.00495868263473054,NA,NA,NA,NA,NA,7,3.75,6.375,3.25
5603,1,"D_369","2022","Liao et al. 2022","Published journal article","Adapted ultimatum game. Risk taking measured by amount participant claimed for themselves.","Online","Mixed Adults","N/A","United States","244",0.522,"35.299999999999997","11.63","Risk-Taking","52.93","16.510000000000002","N/A","Not_Validated","General Risk","Behavioral","Leader-directed helping","0.45","0.5","N/A","OCB",NA,244,-0.21,"5603_1",NA,NA,0.00376026670781893,NA,NA,NA,NA,NA,2.25,7,3.25,7.75
5603,2,"D_373","2022","Liao et al. 2022","Published journal article","Daily risky behavior","Online","Employed Adults","N/A","Singapore","145",0.697,"27","4.17","Risk-Taking","2.82","0.55000000000000004","0.7","Not_Validated","Domain Specific Risk","Self_Report","Member Contribution","3.12","0.83","0.95","OCB","Self_Reported",145,0.38,"5603_2",0.7,0.95,0.00508369,0.00764464661654135,0.465985898008574,0.504930508099295,NA,NA,2,7.625,2.875,8.25
5603,2,"D_378","2022","Liao et al. 2022","Published journal article","Daily risky behavior","Online","Employed Adults","N/A","Singapore","145",0.697,"27","4.17","Risk-Taking","2.82","0.55000000000000004","0.7","Not_Validated","Domain Specific Risk","Self_Report","Leader-directed helping","3.61","0.68","0.87","OCB","Non_SelfReport",145,0.09,"5603_2",0.7,0.87,0.00683240006944444,0.0112190477330779,0.115327761665773,0.115843186551216,NA,NA,2,7.625,2.75,8.25
6277,1,"D_387","2011","Madjar et al. 2011","Published journal article","Risk Propensity","Field","Employed Adults","Mixed","Bulgaria","157",0.35,"28","N/A","Wilingness to take risks","3.51","0.85","0.84","Not_Validated","Domain Specific Risk","Self_Report","Comformity","4.79","1.17","0.69","CWB","Self_Reported",157,0.19,"6277_1",0.84,0.69,0.00595578980769231,0.0102756897993311,0.249568295309049,0.254952379852285,NA,NA,2.875,5.5,4,5.875
6277,1,"D_388","2011","Madjar et al. 2011","Published journal article","Risk Propensity","Field","Employed Adults","Mixed","Bulgaria","157",0.35,"28","N/A","Wilingness to take risks","3.51","0.85","0.84","Not_Validated","Domain Specific Risk","Self_Report","Radical creativity","4.7","1.32","0.92","POSDEV","Non_SelfReport",157,0.4,"6277_1",0.84,0.92,0.00452307692307692,0.00585284280936455,0.45501575519329,0.491007561112333,NA,NA,2.875,8.5,4.375,8.625
6277,1,"D_389","2011","Madjar et al. 2011","Published journal article","Risk Propensity","Field","Employed Adults","Mixed","Bulgaria","157",0.35,"28","N/A","Wilingness to take risks","3.51","0.85","0.84","Not_Validated","Domain Specific Risk","Self_Report","Incremental creativity","4.9800000000000004","0.92","0.87","CREATIVEP","Non_SelfReport",157,0.17,"6277_1",0.84,0.87,0.0060450975,0.00827189039408867,0.198861015130686,0.201546392387986,NA,NA,2.625,7.5,3.75,7.75
6277,1,"D_390","2011","Madjar et al. 2011","Published journal article","Risk Propensity","Field","Employed Adults","Mixed","Bulgaria","157",0.35,"28","N/A","Wilingness to take risks","3.51","0.85","0.84","Not_Validated","Domain Specific Risk","Self_Report","Routine performance","5.51","1.1200000000000001","0.85","TASK","Non_SelfReport",157,0.08,"6277_1",0.84,0.85,0.00632846769230769,0.00886340012928248,0.0946762136662302,0.0949606242869897,NA,NA,1.375,7.875,2.375,8.375
6508,1,"D_393","2004","Moscoso & Salgado 2004","Published journal article","Dysfunctional Personality Style","Field","Mixed Adults","Mixed","Spain","85",0.38,"N/A","N/A","Risky Personality Style","N/A","N/A","0.53","Validated","General Risk","Self_Report","Task Performance","N/A","N/A","0.96","TASK","Non_SelfReport",85,-0.31,"6508_1",0.53,0.96,0.00972660964285714,0.0191167642351752,-0.434598419421334,-0.465552000587621,NA,NA,1.375,7.875,2.375,8.375
6508,1,"D_394","2004","Moscoso & Salgado 2004","Published journal article","Dysfunctional Personality Style","Field","Mixed Adults","Mixed","Spain","85",0.38,"N/A","N/A","Risky Personality Style","N/A","N/A","0.53","Validated","General Risk","Self_Report","Contextual Performance","N/A","N/A","0.93","OCB","Non_SelfReport",85,-0.21,"6508_1",0.53,0.93,0.0108779144047619,0.022069211614449,-0.299116166109012,-0.308548640777151,NA,NA,2,7.875,2.5,8.25
10459,1,"D_404","2011","Aeling 2011","Dissertation/Thesis","RPS (Meertens & Lion 2008)","Online","Employed Adults","Mixed","N/A","240",0.63,"N/A","N/A","Risk Propensity","2.7","0.68","0.74","Validated","General Risk","Self_Report","Integrity","2.89","0.68","0.71","CWB","Self_Reported",240,0.03,"10459_1",0.74,0.71,0.00417657242677824,0.00794931942668108,0.041388169640853,0.0414118263367248,NA,NA,7.625,2.25,5.25,1.75
10463,1,"D_415","2019","Munjal 2019","Dissertation/Thesis","IPIP Items","Online","Employed Adults","Mixed","N/A","576",0.56,"41.5","N/A","Risk Aversion","N/A","N/A","0.78","Validated","General Risk","Self_Report","Turnover Intentions","N/A","N/A","0.93","TRNINT",NA,576,0.082,"10463_1",0.78,0.93,0.00171582123856696,0.00236534496631783,0.0962775603357674,0.0965767032250634,NA,NA,NA,NA,NA,NA
10533,1,"D_416","2020","Craig 2020","Dissertation/Thesis","Hung & Tangpong (2010)","Online","Employed Adults","Mixed","N/A","275",0.47,"40","N/A","Risk Propensity","4.91","0.97","0.76","Validated","General Risk","Self_Report","Innovative Behavior","4.42","0.97","0.97","CREATIVEP","Self_Reported",275,0.44,"10533_1",0.76,0.97,0.00237328817518248,0.00321932742157146,0.512460048334938,0.566060268009327,NA,NA,3.375,8.25,4.75,8.75
20003,1,"D_433","N/A","Zhang 2023, unpublished","Unpublished results","Zhang et al. 2019","Online","Employed Adults","Mixed","N/A","528",0.52,"35.700000000000003","9.1999999999999993","Risk Propensity","2.58","0.99","0.95","Validated","General Risk","Self_Report","Deviance","1.44","0.36","0.84","CWB","Self_Reported",528,0.1,"20003_1",0.95,0.84,0.00185977229601518,0.0023305417243298,0.111943415709911,0.112414563176705,NA,NA,NA,NA,NA,NA
20003,1,"D_435","N/A","Zhang 2023, unpublished","Unpublished results","Zhang et al. 2019","Online","Employed Adults","Mixed","N/A","528",0.52,"35.700000000000003","9.1999999999999993","Risk Propensity","2.58","0.99","0.95","Validated","General Risk","Self_Report","Turnover Intentions","1.68","0.79","0.91","TRNINT","Self_Reported",528,0.07,"20003_1",0.95,0.91,0.00187898294117647,0.0021734909672371,0.0752862284507066,0.075428955340391,NA,NA,NA,NA,NA,NA
20003,1,"D_436","N/A","Zhang 2023, unpublished","Unpublished results","Zhang et al. 2019","Online","Employed Adults","Mixed","N/A","528",0.52,"35.700000000000003","9.1999999999999993","Risk Propensity","2.58","0.99","0.95","Validated","General Risk","Self_Report","OCB","2.77","0.45","0.92","OCB","Self_Reported",528,0.08,"20003_1",0.95,0.92,0.00187332250474383,0.00214338959352841,0.0855725099681116,0.0857823051375802,NA,NA,2,8.125,2.625,8.625
20003,1,"D_438","N/A","Zhang 2023, unpublished","Unpublished results","Zhang et al. 2019","Online","Employed Adults","Mixed","N/A","528",0.52,"35.700000000000003","9.1999999999999993","Risk Propensity","2.58","0.99","0.95","Validated","General Risk","Self_Report","Task performance","4.83","0.37","0.84","TASK","Self_Reported",528,-0.04,"20003_1",0.95,0.84,0.00189146595825427,0.00237025809305046,-0.0447773662839645,-0.0448073287307877,NA,NA,NA,NA,NA,NA
20003,1,"D_441","N/A","Zhang 2023, unpublished","Unpublished results","Zhang et al. 2019","Online","Employed Adults","Mixed","N/A","528",0.52,"35.700000000000003","9.1999999999999993","Risk Propensity","2.58","0.99","0.95","Validated","General Risk","Self_Report","Creativity at work","3.87","0.62","0.96","CREATIVEP","Self_Reported",528,0.11,"20003_1",0.95,0.96,0.00185189072106262,0.00203058193098971,0.115184824780216,0.115698325326995,NA,NA,NA,NA,NA,NA
20003,1,"D_442","N/A","Zhang 2023, unpublished","Unpublished results","Zhang et al. 2019","Online","Employed Adults","Mixed","N/A","528",0.52,"35.700000000000003","9.1999999999999993","Risk Propensity","2.58","0.99","0.95","Validated","General Risk","Self_Report","Prosocial Rulebreaking","1.92","0.6","0.95","POSDEV","Self_Reported",528,0.15,"20003_1",0.95,0.95,0.00181310483870968,0.00200898043070324,0.157894736842105,0.159226865559267,NA,NA,NA,NA,NA,NA
20004,1,"D_443","N/A","Zhang 2023, unpublished","Unpublished results","DOSPERT","Online","Employed Adults","Mixed","N/A","434",0.5,"36.9","12.83","Risk Propensity","3.11","0.82","0.88","Validated","General Risk","Self_Report","Deviance","1.68","0.54","0.82","CWB","Self_Reported",434,0.4,"20004_1",0.88,0.82,0.00162956120092379,0.00225826108775469,0.470881609348011,0.511202513290686,NA,NA,NA,NA,NA,NA
20004,1,"D_444","N/A","Zhang 2023, unpublished","Unpublished results","GRiPS","Online","Employed Adults","Mixed","N/A","434",0.5,"36.9","12.83","Risk Propensity","2.5299999999999998","0.93",NA,"Validated","General Risk","Self_Report","Deviance","1.68","0.54","0.82","CWB","Self_Reported",434,0.26,"20004_1",NA,0.82,0.0020077823556582,NA,NA,NA,NA,NA,NA,NA,NA,NA
20004,1,"D_445","N/A","Zhang 2023, unpublished","Unpublished results","IPIP Items","Online","Employed Adults","Mixed","N/A","434",0.5,"36.9","12.83","Risk Propensity","2.65","0.75",NA,"Validated","General Risk","Self_Report","Deviance","1.68","0.54","0.82","CWB","Self_Reported",434,0.27,"20004_1",NA,0.82,0.00198502173210162,NA,NA,NA,NA,NA,NA,NA,NA,NA
20004,1,"D_446","N/A","Zhang 2023, unpublished","Unpublished results","Jackson Personality Inventory","Online","Employed Adults","Mixed","N/A","434",0.5,"36.9","12.83","Risk Propensity","2.4700000000000002","0.68",NA,"Validated","General Risk","Self_Report","Deviance","1.68","0.54","0.82","CWB","Self_Reported",434,0.28,"20004_1",NA,0.82,0.00196153939953811,NA,NA,NA,NA,NA,NA,NA,NA,NA
20004,1,"D_447","N/A","Zhang 2023, unpublished","Unpublished results","Risk taking inventory","Online","Employed Adults","Mixed","N/A","434",0.5,"36.9","12.83","Risk Propensity","2.21","0.62",NA,"Validated","General Risk","Self_Report","Deviance","1.68","0.54","0.82","CWB","Self_Reported",434,0.37,"20004_1",NA,0.82,0.00172041942263279,NA,NA,NA,NA,NA,NA,NA,NA,NA
20004,1,"D_448","N/A","Zhang 2023, unpublished","Unpublished results","Risk propensity scale","Online","Employed Adults","Mixed","N/A","434",0.5,"36.9","12.83","Risk Propensity","3.8","1.39",NA,"Validated","General Risk","Self_Report","Deviance","1.68","0.54","0.82","CWB","Self_Reported",434,0.3,"20004_1",NA,0.82,0.00191247113163972,NA,NA,NA,NA,NA,NA,NA,NA,NA
20007,1,"D_449","2022","Silva et al. 2022","Published journal article","GRiPS","Online","Employed Adults","Mixed","N/A","695",0.54,"30","N/A","Risk Propensity","N/A","N/A","0.83499999999999996","Validated","General Risk","Self_Report","Curiosity at work","N/A","N/A","0.77","CREATIVEP","Self_Reported",695,0.44,"20007_1",0.835,0.77,0.000937004265129683,0.0014573516838474,0.548736787167676,0.616572055942834,NA,NA,2.5,8.125,3.75,8.5
20007,1,"D_450","2022","Silva et al. 2022","Published journal article","GRiPS","Online","Employed Adults","Mixed","N/A","695",0.54,"30","N/A","Risk Propensity","N/A","N/A","0.83499999999999996","Validated","General Risk","Self_Report","Worker Creativity","N/A","N/A","0.8","CREATIVEP","Self_Reported",695,0.5,"20007_1",0.835,0.8,0.000810518731988473,0.00121335139519232,0.611760980290496,0.711730728342484,NA,NA,3,8.5,4.25,8.75
5530,1,"D_453","2005","Krauss et al. 2005","Published journal article","Risk-Taking Orientation","Field","Employed Adults","Founder/Owners","Zimbabwean and South African","211",0.16,"41","N/A","Risk-Taking Orientation","2.85","0.89","0.22","Not_Validated","Domain Specific Risk","Self_Report","Business Growth","0","0.83","0.77","TASK","Non_SelfReport",211,0.19,"5530_1",0.22,0.77,0.004424301,0.026117479338843,0.461633054212369,0.499384618430416,86,80,2.375,6.25,4.125,6.875
5530,1,"D_455","2005","Krauss et al. 2005","Published journal article","Risk-Taking Orientation","Field","Employed Adults","Founder/Owners","Zimbabwean and South African","211",0.16,"41","N/A","Risk-Taking Orientation","2.85","0.89","0.22","Not_Validated","Domain Specific Risk","Self_Report","External success evaluation","3.05","1.45","N/A","TASK","Non_SelfReport",211,0.4,"5530_1",0.22,NA,0.00336,NA,NA,NA,86,80,NA,NA,NA,NA
611,1,"D_471","2011","Vandenberghe et al. 2011","Published journal article","Risk Aversion","Field","Employed Adults","HRM Professionals","Canada","509",0.635,"40","N/A","Risk Aversion","2.2999999999999998","0.81","0.82","Not_Validated","Domain Specific Risk","Self_Report","Turnover","0.17","0.38","N/A","TRNBEH","Non_SelfReport",509,-0.07,"611_1",0.82,NA,0.00194925986220472,NA,NA,NA,79.5,74,NA,NA,NA,NA
5518,1,"D_474","2011","Randel et al. 2011","Published journal article","Risk Preference","Field","Employed Adults","Managers","Taiwan","191",0.634,"42.26","6.57","Risk Preference","4.67","1.34","0.75","Not_Validated","Domain Specific Risk","Self_Report","Objective Creativity","7.0000000000000007E-2","0.27","N/A","CREATIVEP","Non_SelfReport",191,0,"5518_1",0.75,NA,0.00526315789473684,NA,NA,NA,79.5,74,NA,NA,NA,NA
5518,1,"D_476","2011","Randel et al. 2011","Published journal article","Risk Aversion","Field","Employed Adults","Managers","Taiwan","191",0.634,"42.26","6.57","Risk Preference","4.67","1.34","0.75","Not_Validated","Domain Specific Risk","Self_Report","Creativity","4.45","1.33","0.94","CREATIVEP","Non_SelfReport",191,-0.11,"5518_1",0.75,0.94,0.00513656005263158,0.00728590078387458,-0.131008093518591,-0.13176541027087,79.5,74,2.75,8.25,4.125,8.5
2985,1,"D_477","2014","Aguirre 2014","Dissertation/Thesis","Raju 1980","Field","Employed Adults","Farmers","Mexican","204",NA,"41.1","16","Risk Aversion","4.91","1.84","0.68","Not_Validated","Domain Specific Risk","Self_Report","Performance of Farmers","3.74","5.03","N/A","TASK","Non_SelfReport",204,0.051,"2985_1",0.68,NA,0.00490051608473399,NA,NA,NA,77,75,NA,NA,NA,NA
6869,1,"D_484","1985","Sagar 1985","Published journal article",NA,"Field","Employed Adults","Farmers","India","225",NA,"N/A","N/A","Risk Orientation","N/A","N/A","N/A",NA,"General Risk","Behavioral","Farming Productivity","N/A","N/A","N/A","TASK","Non_SelfReport",225,0.232,"6869_1",NA,NA,0.003996647424,NA,NA,NA,77,75,NA,NA,NA,NA
319,1,"D_501","1999","Stewart et al. 1999","Published journal article","Jackson Personality Inventory","Field","Employed Adults","Manager/Entrepreneurs","United States","767",0.31,"40.799999999999997","11.2","Risk taking","9.8000000000000007","5.2","0.76","Validated","General Risk","Self_Report","Innovation","13.7","4.8","0.77","CREATIVEP","Self_Reported",767,0.43,"319_1",0.76,0.77,0.00086734727154047,0.00148213819470347,0.562103509537202,0.635903018104982,NA,NA,NA,NA,NA,NA
10493,1,"D_527","2013","Pusilo 2013","Dissertation/Thesis","Modified from Westaby & Lowe (2009) + Meertens (2008) scale.","Unsure","Mixed Adults","Applicants","United States","196",0.56,"N/A","N/A","Risk Propensity","4.26","0.71","0.79400000000000004","Not_Validated","General Risk","Self_Report","Overt Safety",NA,NA,"0.50900000000000001","SAFCOMPLY",NA,196,-0.356,"10493_1",0.794,0.509,0.00391071801895385,0.0096764981441208,-0.559990752911788,-0.632819714902161,79,75.5,3.625,6.5,3.875,7
10493,1,"D_528","2013","Pusilo 2013","Dissertation/Thesis","Modified from Westaby & Lowe (2009) + Meertens (2008) scale.","Unsure","Mixed Adults","Applicants","United States","196",0.56,"N/A","N/A","Risk Propensity","4.26","0.71","0.79400000000000004","Not_Validated","General Risk","Self_Report","Overt Safety",NA,NA,"0.32500000000000001","SAFCOMPLY",NA,196,-0.121,"10493_1",0.794,0.325,0.00497914030195385,0.0192952540281102,-0.238195437529749,-0.242860131612867,79,75.5,6.75,3.75,6,3.75
10493,1,"D_531","2013","Pusilo 2013","Dissertation/Thesis","Modified from Westaby & Lowe (2009) + Meertens (2008) scale.","Unsure","Mixed Adults","Applicants","United States","196",0.56,"N/A","N/A","Risk Propensity","4.26","0.71","0.79400000000000004","Not_Validated","General Risk","Self_Report","Safety Performance",NA,NA,"0.94399999999999995","SAFCOMPLY","Self_Reported",196,-0.176,"10493_1",0.794,0.944,0.00481542314141538,0.00642453883658074,-0.203290188915655,-0.206162198482729,79,75.5,1.875,8.25,2.5,8.625
10493,1,"D_532","2013","Pusilo 2013","Dissertation/Thesis","Modified from Westaby & Lowe (2009) + Meertens (2008) scale.","Unsure","Mixed Adults","Applicants","United States","196",0.56,"N/A","N/A","Risk Propensity","4.26","0.71","0.79400000000000004","Not_Validated","General Risk","Self_Report","Near Misses",NA,NA,"N/A","SAFINCID","Self_Reported",196,0.024,"10493_1",0.794,NA,0.00512229913731282,NA,NA,NA,79,75.5,4.25,4.125,4.375,5.125
10493,1,"D_533","2013","Pusilo 2013","Dissertation/Thesis","Modified from Westaby & Lowe (2009) + Meertens (2008) scale.","Unsure","Mixed Adults","Applicants","United States","196",0.56,"N/A","N/A","Risk Propensity","4.26","0.71","0.79400000000000004","Not_Validated","General Risk","Self_Report","Minor Injuries",NA,NA,"N/A","SAFINCID","Self_Reported",196,-0.025,"10493_1",0.794,NA,0.005121796875,NA,NA,NA,79,75.5,4.25,4.125,4.125,5
1054,2,"D_535","2011","Desai et al. 2011","Published journal article","Risk Aversion","Field","Employed Adults","Software Engineer","India","70",0.3,"27.36","1.62","Risk Aversion","47.48","25.9","N/A","Not_Validated","Domain Specific Risk","Behavioral","Performance","4.2300000000000004","0.53","0.86","TASK","Self_Reported",70,0.19,"1054_2",NA,0.86,0.0134652639130435,NA,NA,NA,NA,NA,3.125,5.875,3.5,6.375
3353,1,"D_542","2019","Haas et al. 2019","Published journal article","Risk Propensity Scale","Field","Employed Adults","Mining Industry","United States","1334",0.07,"39.049999999999997","10.09","Risk Avoidance","5.28","0.77","0.8","Validated","General Risk","Self_Report","Near Misses","0.85","1.28","N/A","SAFINCID","Self_Reported",1334,0.23,"3353_1",0.8,NA,0.00067291703675919,NA,NA,NA,75,70,4.375,4.125,4.375,5
1352,1,"D_569","2015","Valle et al. 2015","Published journal article","People chose between two alternatives with different income/probablities","Field","Employed Adults","Call Center Employees","Chile","125",0.659,"N/A","N/A","Income Risk Aversion","-2.13","0.96","N/A","Not_Validated","Domain Specific Risk","Behavioral","Job performance","12.42","0.88","N/A","TASK","Non_SelfReport",125,0.27,"1352_1",NA,NA,0.00693156782258065,NA,NA,NA,73,68.5,NA,NA,NA,NA
1352,1,"D_574","2015","Valle et al. 2015","Published journal article","People chose between two alternatives with different income/probablities","Field","Employed Adults","Call Center Employees","Chile","125",0.659,"N/A","N/A","Income Risk Aversion","-2.13","0.96","N/A","Not_Validated","Domain Specific Risk","Behavioral","Intention to quit","6.4","2.59","0.76","TRNINT","Self_Reported",125,0.1,"1352_1",NA,0.76,0.00790403225806452,NA,NA,NA,73,68.5,5.875,3.75,5.75,3.625
570,1,"D_586","2021","Bhandari et al. 2021","Published journal article","Work Risk Tolerance","Field","Employed Adults","Construction Workers","Mixed","11493",NA,"35","N/A","Work-Related Risk Tolerance","N/A","N/A","0.7","Not_Validated","Domain Specific Risk","Self_Report","Rulebreaking","N/A","N/A","0.7","CWB","Self_Reported",11493,0.39,"570_1",0.7,0.7,6.25595553428472e-05,0.000127672561924178,0.557142857142857,0.628680338871999,54.5,47.5,6,4.25,5.625,4.375
570,1,"D_587","2021","Bhandari et al. 2021","Published journal article","Personal Risk Tolerance","Field","Employed Adults","Construction Workers","Mixed","11493",NA,"35","N/A","Personal risk tolerance","N/A","N/A","0.6","Not_Validated","General Risk","Self_Report","Rulebreaking","N/A","N/A","0.7","CWB","Self_Reported",11493,0.29,"570_1",0.6,0.7,7.29962417333797e-05,0.000173800575555666,0.447479714890067,0.481544523803528,54.5,47.5,5.875,4,5.75,4.125
594,1,"D_594","2022","Wu et al. 2022","Published journal article","Safety Risk Tolerance","Field","Employed Adults","Construction Workers","China","309",0.12,"39.200000000000003","8.8000000000000007","Safety Risk Tolerance","3.48","0.81","0.82",NA,"Domain Specific Risk","Self_Report","Safety compliance","4.08","0.79","0.88","SAFCOMPLY","Self_Reported",309,-0.12,"594_1",0.82,0.88,0.00315392,0.00437073170731707,-0.141264482804403,-0.142215571858597,54.5,47.5,1.875,8.125,2.5,8.625
7045,1,"D_595","2013","Joseph & Reddy 2013","Published journal article","Choice of various risky vs risky less decisions in hypothetical scenario","Field","Employed Adults","Pilots","N/A","275",NA,"32.33","4.8","Risk Taking Tendency","4.5","10.14","N/A","Not_Validated","Domain Specific Risk","Self_Report","Army Hazards Events","10.14","9.4700000000000006","0.9","SAFINCID","Self_Reported",275,0.18,"7045_1",NA,0.9,0.0034169699270073,NA,NA,NA,76,62,7.875,2.875,6.625,2.875
7045,1,"D_596","2013","Joseph & Reddy 2013","Published journal article","Choice of various risky vs risky less decisions in hypothetical scenario","Field","Employed Adults","Pilots","N/A","275",NA,"32.33","4.8","Risk Taking Tendency","4.5","10.14","N/A","Not_Validated","Domain Specific Risk","Self_Report","Aviation Safety Attitude","N/A","N/A","N/A","SAFCOMPLY","Self_Reported",275,-0.08,"7045_1",NA,NA,0.00360306919708029,NA,NA,NA,76,62,7.5,3.16666666666667,6.83333333333333,2.83333333333333
541,1,"D_599","2013","Borjesson et al. 2013","Published journal article","Evaluation of Risks (EVAR)","Field","Employed Adults","Military Personnel","Mixed","169",0.21,"29.22","N/A","Risk Propensity","56.33","8.77","0.77","Validated","General Risk","Self_Report","Safety scepticism","N/A","N/A","0.77","SAFCOMPLY","Self_Reported",169,-0.28,"541_1",0.77,0.77,0.00505563428571429,0.00852695949690384,-0.363636363636364,-0.381070026023448,NA,NA,6,2.5,4.66666666666667,2.66666666666667
541,1,"D_600","2013","Borjesson et al. 2013","Published journal article","Evaluation of Risks (EVAR)","Field","Employed Adults","Military Personnel","Mixed","169",0.21,"29.22","N/A","Risk Propensity","56.33","8.77","0.77","Validated","General Risk","Self_Report","Safety fatalism","N/A","N/A","0.77","SAFCOMPLY","Self_Reported",169,-0.19,"541_1",0.77,0.77,0.00553037625,0.00932767119244392,-0.246753246753247,-0.251952590460708,NA,NA,6,2.5,4.66666666666667,2.66666666666667
3346,1,"H_0010","2020","Borry, E. L., & Henderson, A. C. (2020). Patients, protocols, and prosocial behavior: rule breaking in frontline health care. The American Review of Public Administration, 50(1), 45-61.","Published journal article","risk propensity","Online","Employed Adults","Paramedics","United States","149",NA,"N/A","N/A","risk propensity","2.74","0.74","0.68","Not_Validated","Domain Specific Risk","Self_Report","breaking rules for complex patients","3.1","0.95","N/A","POSDEV","Self_Reported",149,0.2228,"3346_1",0.68,NA,0.00610259752510288,NA,NA,NA,NA,NA,6.75,6,5.75,5.25
3346,1,"H_0011","2020","Borry, E. L., & Henderson, A. C. (2020). Patients, protocols, and prosocial behavior: rule breaking in frontline health care. The American Review of Public Administration, 50(1), 45-61.","Published journal article","risk propensity","Online","Employed Adults","Paramedics","United States","149",NA,"N/A","N/A","risk propensity","2.74","0.74","0.68","Not_Validated","Domain Specific Risk","Self_Report","breaking rules for poor prognoses","3.3","1.2","N/A","POSDEV","Self_Reported",149,0.1401,"3346_1",0.68,NA,0.00649411647822,NA,NA,NA,NA,NA,6.875,6.125,5.875,5.375
3627,1,"H_0039","1995","Mclain, D. L. (1995). Responses to health and safety risk in the work environment. Academy of Management Journal, 38(6), 1726-1743.","Published journal article","sensation-seeking scale","Field","Employed Adults","Firefighter/EMT","United States","207",0.058,"36","N/A","Risk Orientation","2.57","1.71","0.57999999999999996","Not_Validated","General Risk","Self_Report","safety incidents","0.52","0.27","N/A","SAFINCID","Non_SelfReport",207,0.05,"3627_1",0.58,NA,0.00483012742718447,NA,NA,NA,69,75.5,NA,NA,NA,NA
4013,1,"H_0046","2019","Douglas, M. A., Swartz, S. M., Richey, R. G., & Roberts, M. D. (2019). Risky business: Investigating influences on large truck drivers' safety attitudes and intentions. Journal of safety research, 70, 1-11.","Published journal article","risk avoidance","Field","Employed Adults","Truck Drivers","United States","1491",0.049,"N/A","N/A","Risk avoidance","5.94","0.95","0.82","Not_Validated","General Risk","Self_Report","safety attitude","2.1","1.35","0.86","SAFCOMPLY","Self_Reported",1491,-0.19,"4013_1",0.82,0.86,0.000623559201342282,0.000884230291183043,-0.226254616409032,-0.230238458913505,71.5,57.5,7.25,2.75,5.25,2.625
4013,1,"H_0047","2019","Douglas, M. A., Swartz, S. M., Richey, R. G., & Roberts, M. D. (2019). Risky business: Investigating influences on large truck drivers' safety attitudes and intentions. Journal of safety research, 70, 1-11.","Published journal article","risk avoidance","Field","Employed Adults","Truck Drivers","United States","1491",0.049,"N/A","N/A","Risk avoidance","5.94","0.95","0.82","Not_Validated","General Risk","Self_Report","safety intention","2.34","1.48","0.88","SAFCOMPLY","Self_Reported",1491,-0.25,"4013_1",0.82,0.88,0.000589869966442953,0.000817447292742452,-0.294301005842507,-0.303268635943255,71.5,57.5,7.25,2.75,5.25,2.625
4184,1,"H_0054","2018","Kim, M. J., & Choi, J. N. (2018). Group identity and positive deviance in work groups. The Journal of social psychology, 158(6), 730-743.","Published journal article","risk-taking intention","Field","Employed Adults","Mixed","South Korea","293",0.126,"33.03","5.13","Risk-taking intention","3.52","0.7","0.81","Not_Validated","Domain Specific Risk","Self_Report","positive deviance","2.77","0.92","0.85","POSDEV","Self_Reported",293,0.23,"4184_1",0.81,0.85,0.0030719123630137,0.00446174635150864,0.277188918323838,0.284634447034492,NA,NA,6.125,4.375,5.75,4.25
4259,1,"H_0056","2017","Highhouse, S., Nye, C. D., Zhang, D. C., & Rada, T. B. (2017). Structure of the Dospert: Is there evidence for a general risk factor?. Journal of Behavioral Decision Making, 30(2), 400-406.","Published journal article",NA,"Online","Mixed Adults","Mixed","United States","921",0.5,"36","N/A","DOSPERT ethical","2.4","1.1000000000000001","0.78","Validated","Domain Specific Risk","Self_Report","work safety","4","0.8","0.9","SAFCOMPLY","Self_Reported",921,-0.31,"4259_1",0.78,0.9,0.00088808175,0.00126507371794872,-0.369992684920374,-0.388414624389033,NA,NA,1.875,8.25,2.5,8.625
4259,1,"H_0058","2017","Highhouse, S., Nye, C. D., Zhang, D. C., & Rada, T. B. (2017). Structure of the Dospert: Is there evidence for a general risk factor?. Journal of Behavioral Decision Making, 30(2), 400-406.","Published journal article",NA,"Online","Mixed Adults","Mixed","United States","921",0.5,"36","N/A","DOSPERT ethical","2.4","1.1000000000000001","0.78","Validated","Domain Specific Risk","Self_Report","counterproductive work behaviors","1.3","0.5","0.97","CWB","Self_Reported",921,0.49,"4259_1",0.78,0.97,0.000627660880434783,0.000829580862324587,0.563330040798916,0.637697899508704,NA,NA,7.5,1.75,4.375,1.625
4259,1,"H_0060","2017","Highhouse, S., Nye, C. D., Zhang, D. C., & Rada, T. B. (2017). Structure of the Dospert: Is there evidence for a general risk factor?. Journal of Behavioral Decision Making, 30(2), 400-406.","Published journal article",NA,"Online","Mixed Adults","Mixed","United States","921",0.5,"36","N/A","DOSPERT health","2.9","1.2","0.72","Validated","Domain Specific Risk","Self_Report","work safety","4","0.8","0.9","SAFCOMPLY","Self_Reported",921,-0.29,"4259_1",0.72,0.9,0.00091181827173913,0.00140712696256039,-0.360255396374966,-0.377179356339103,NA,NA,1.875,8.25,2.5,8.625
4259,1,"H_0062","2017","Highhouse, S., Nye, C. D., Zhang, D. C., & Rada, T. B. (2017). Structure of the Dospert: Is there evidence for a general risk factor?. Journal of Behavioral Decision Making, 30(2), 400-406.","Published journal article",NA,"Online","Mixed Adults","Mixed","United States","921",0.5,"36","N/A","DOSPERT health","2.9","1.2","0.72","Validated","Domain Specific Risk","Self_Report","counterproductive work behaviors","1.3","0.5","0.97","CWB","Self_Reported",921,0.36,"4259_1",0.72,0.97,0.000823474086956522,0.0011790866078988,0.430774895170643,0.460847745258197,NA,NA,7.5,1.75,4.375,1.625
4259,1,"H_0064","2017","Highhouse, S., Nye, C. D., Zhang, D. C., & Rada, T. B. (2017). Structure of the Dospert: Is there evidence for a general risk factor?. Journal of Behavioral Decision Making, 30(2), 400-406.","Published journal article",NA,"Online","Mixed Adults","Mixed","United States","921",0.5,"36","N/A","DOSPERT financial","2.6","1.2","0.82","Validated","Domain Specific Risk","Self_Report","work safety","4","0.8","0.9","SAFCOMPLY","Self_Reported",921,-0.18,"4259_1",0.82,0.9,0.0010176627826087,0.00137894685990338,-0.209529088730873,-0.212678760944242,NA,NA,1.875,8.25,2.5,8.625
4259,1,"H_0066","2017","Highhouse, S., Nye, C. D., Zhang, D. C., & Rada, T. B. (2017). Structure of the Dospert: Is there evidence for a general risk factor?. Journal of Behavioral Decision Making, 30(2), 400-406.","Published journal article",NA,"Online","Mixed Adults","Mixed","United States","921",0.5,"36","N/A","DOSPERT financial","2.6","1.2","0.82","Validated","Domain Specific Risk","Self_Report","counterproductive work behaviors","1.3","0.5","0.97","CWB","Self_Reported",921,0.35,"4259_1",0.82,0.97,0.000836963315217391,0.00105225460801784,0.39244179278482,0.414683092721701,NA,NA,7.5,1.75,4.375,1.625
4259,1,"H_0068","2017","Highhouse, S., Nye, C. D., Zhang, D. C., & Rada, T. B. (2017). Structure of the Dospert: Is there evidence for a general risk factor?. Journal of Behavioral Decision Making, 30(2), 400-406.","Published journal article",NA,"Online","Mixed Adults","Mixed","United States","921",0.5,"36","N/A","DOSPERT recreation","2.9","1.4","0.83","Validated","Domain Specific Risk","Self_Report","work safety","4","0.8","0.9","SAFCOMPLY","Self_Reported",921,-0.14,"4259_1",0.83,0.9,0.00104476539130435,0.00139861498166579,-0.161982364716812,-0.163421807940844,NA,NA,1.875,8.25,2.5,8.625
4259,1,"H_0070","2017","Highhouse, S., Nye, C. D., Zhang, D. C., & Rada, T. B. (2017). Structure of the Dospert: Is there evidence for a general risk factor?. Journal of Behavioral Decision Making, 30(2), 400-406.","Published journal article",NA,"Online","Mixed Adults","Mixed","United States","921",0.5,"36","N/A","DOSPERT recreation","2.9","1.4","0.83","Validated","Domain Specific Risk","Self_Report","counterproductive work behaviors","1.3","0.5","0.97","CWB","Self_Reported",921,0.25,"4259_1",0.83,0.97,0.000955332880434783,0.00118660151587974,0.278621801123154,0.286187255763355,NA,NA,7.5,1.75,4.375,1.625
4259,1,"H_0072","2017","Highhouse, S., Nye, C. D., Zhang, D. C., & Rada, T. B. (2017). Structure of the Dospert: Is there evidence for a general risk factor?. Journal of Behavioral Decision Making, 30(2), 400-406.","Published journal article",NA,"Online","Mixed Adults","Mixed","United States","921",0.5,"36","N/A","DOSPERT social","4.8","1","0.71","Validated","Domain Specific Risk","Self_Report","work safety","4","0.8","0.9","SAFCOMPLY","Self_Reported",921,0.12,"4259_1",0.71,0.9,0.00105587756521739,0.00165239055589576,0.15011732500816,0.151260463681799,NA,NA,1.875,8.25,2.5,8.625
4259,1,"H_0074","2017","Highhouse, S., Nye, C. D., Zhang, D. C., & Rada, T. B. (2017). Structure of the Dospert: Is there evidence for a general risk factor?. Journal of Behavioral Decision Making, 30(2), 400-406.","Published journal article",NA,"Online","Mixed Adults","Mixed","United States","921",0.5,"36","N/A","DOSPERT social","4.8","1","0.71","Validated","Domain Specific Risk","Self_Report","counterproductive work behaviors","1.3","0.5","0.97","CWB","Self_Reported",921,0.01,"4259_1",0.71,0.97,0.00108673914130435,0.00157795722564883,0.0120499420549805,0.0120505253274244,NA,NA,7.875,1.5,4.375,1.5
4259,1,"H_0076","2017","Highhouse, S., Nye, C. D., Zhang, D. C., & Rada, T. B. (2017). Structure of the Dospert: Is there evidence for a general risk factor?. Journal of Behavioral Decision Making, 30(2), 400-406.","Published journal article",NA,"Online","Mixed Adults","Mixed","United States","921",0.5,"36","N/A","DOSPERT total","3.1","0.8","0.89","Validated","Domain Specific Risk","Self_Report","work safety","4","0.8","0.9","SAFCOMPLY","Self_Reported",921,-0.23,"4259_1",0.89,0.9,0.000974998271739131,0.00121722630679043,-0.256987250542363,-0.262879930885056,NA,NA,1.875,8.25,2.5,8.625
4259,1,"H_0078","2017","Highhouse, S., Nye, C. D., Zhang, D. C., & Rada, T. B. (2017). Structure of the Dospert: Is there evidence for a general risk factor?. Journal of Behavioral Decision Making, 30(2), 400-406.","Published journal article",NA,"Online","Mixed Adults","Mixed","United States","921",0.5,"36","N/A","DOSPERT total","3.1","0.8","0.89","Validated","Domain Specific Risk","Self_Report","counterproductive work behaviors","1.3","0.5","0.97","CWB","Self_Reported",921,0.41,"4259_1",0.89,0.97,0.000752236532608696,0.000871350089897713,0.441268560830832,0.473805011450142,NA,NA,7.875,1.5,4.375,1.5
5505,1,"H_0105","2015","Zhang, Y., Long, L., & Zhang, J. (2015). Pay for performance and employee creativity: the importance of procedural justice and willingness to take risks. Management Decision.","Published journal article",NA,"Field","Employed Adults","Mixed","China","213",0.455,"32.53","8.4","willingness to take risks","3.0489999999999999","0.83799999999999997","0.75","Not_Validated","Domain Specific Risk","Self_Report","creative performance","5.0289999999999999","0.94299999999999995","0.88","CREATIVEP","Non_SelfReport",213,-0.07,"5505_1",0.75,0.88,0.00467086797169811,0.00707707268439108,-0.0861640436855329,-0.0863782328631241,NA,NA,2.875,8.375,4,8.625
6460,1,"H_0109","2005","Westaby, J. D., & Lowe, J. K. (2005). Risk-taking orientation and injury among youth workers: examining the social influence of supervisors, coworkers, and parents. Journal of Applied Psychology, 90(5), 1027.","Published journal article","global risk taking","Field","Employed Students","Mixed","United States","2542",0.33,"16.43","1.22","global risk taking","3.29","0.85","0.74","Not_Validated","General Risk","Self_Report","work injury","0.45","0.86","N/A","SAFINCID","Self_Reported",2542,0.07,"6460_1",0.74,NA,0.00038969854781582,NA,NA,NA,NA,NA,4.875,3.5,4.25,4.125
6460,1,"H_0114","2005","Westaby, J. D., & Lowe, J. K. (2005). Risk-taking orientation and injury among youth workers: examining the social influence of supervisors, coworkers, and parents. Journal of Applied Psychology, 90(5), 1027.","Published journal article","risk-taking orientation at work","Field","Employed Students","Mixed","United States","2542",0.33,"16.43","1.22","risk-taking orientation at work","2.48","0.98","0.81","Not_Validated","Domain Specific Risk","Self_Report","work injury","0.45","0.86","N/A","SAFINCID","Self_Reported",2542,0.3,"6460_1",0.81,NA,0.000325895316804408,NA,NA,NA,NA,NA,4.875,3.5,4.25,4.125
4667,1,"H_0118","2011","B<U+00F6>rjesson, M., <U+00D6>sterberg, J., & Enander, A. (2011). Risk and safety attitudes among conscripts during compulsory military training. Military psychology, 23(6), 659-684.","Published journal article","necessary risk-taking (measured at Time 2)","Field","Employed Adults","Military","Sweden","389",0.03,"N/A","N/A","necessary risk-taking (measured at Time 2)","3.53","1.1499999999999999","0.82","Not_Validated","Domain Specific Risk","Self_Report","safety skepticism","2.76","1.27","0.8","SAFCOMPLY","Self_Reported",389,0.4,"4667_1",0.82,0.8,0.00181855670103093,0.00277219009303495,0.493864798324795,0.541159017289277,NA,NA,6.375,2.375,4.875,2.5
4667,1,"H_0119","2011","B<U+00F6>rjesson, M., <U+00D6>sterberg, J., & Enander, A. (2011). Risk and safety attitudes among conscripts during compulsory military training. Military psychology, 23(6), 659-684.","Published journal article","necessary risk-taking (measured at Time 2)","Field","Employed Adults","Military","Sweden","389",0.03,"N/A","N/A","necessary risk-taking (measured at Time 2)","3.53","1.1499999999999999","0.82","Not_Validated","Domain Specific Risk","Self_Report","safety fatalism","2.42","1.1000000000000001","0.83","SAFCOMPLY","Self_Reported",389,0.29,"4667_1",0.82,0.83,0.00216204332474227,0.00317667253121109,0.351521607434994,0.367178834614224,NA,NA,6.375,2.125,4.875,2.375
4667,1,"H_0126","2011","B<U+00F6>rjesson, M., <U+00D6>sterberg, J., & Enander, A. (2011). Risk and safety attitudes among conscripts during compulsory military training. Military psychology, 23(6), 659-684.","Published journal article","necessary risk-taking (measured at Time 2)","Field","Employed Adults","Military","Sweden","389",0.03,"N/A","N/A","necessary risk-taking (measured at Time 2)","3.53","1.1499999999999999","0.82","Not_Validated","Domain Specific Risk","Self_Report","appropriate safety","5.46","1.05","0.61","SAFCOMPLY","Self_Reported",389,-0.15,"4667_1",0.82,0.61,0.0024626449742268,0.00492332062020553,-0.212089620672774,-0.215358378386651,NA,NA,1.875,8,2.625,8.625
4667,1,"H_0130","2011","B<U+00F6>rjesson, M., <U+00D6>sterberg, J., & Enander, A. (2011). Risk and safety attitudes among conscripts during compulsory military training. Military psychology, 23(6), 659-684.","Published journal article","necessary risk-taking (measured at Time 3)","Field","Employed Adults","Military","Sweden","389",0.03,"N/A","N/A","necessary risk-taking (measured at Time 3)","3.64","1.26","0.87","Not_Validated","Domain Specific Risk","Self_Report","safety skepticism","2.72","1.24","0.82","SAFCOMPLY","Self_Reported",389,0.45,"4667_1",0.87,0.82,0.00163919136597938,0.00229771708155226,0.532777605057494,0.594015715942552,NA,NA,6.375,2.375,4.875,2.5
4667,1,"H_0131","2011","B<U+00F6>rjesson, M., <U+00D6>sterberg, J., & Enander, A. (2011). Risk and safety attitudes among conscripts during compulsory military training. Military psychology, 23(6), 659-684.","Published journal article","necessary risk-taking (measured at Time 3)","Field","Employed Adults","Military","Sweden","389",0.03,"N/A","N/A","necessary risk-taking (measured at Time 3)","3.64","1.26","0.87","Not_Validated","Domain Specific Risk","Self_Report","safety fatalism","2.44","1.1000000000000001","0.83","SAFCOMPLY","Self_Reported",389,0.37,"4667_1",0.87,0.83,0.00191995260309278,0.00265884587050656,0.435414664344924,0.466558754325205,NA,NA,6.375,2.125,4.875,2.375
4667,1,"H_0138","2011","B<U+00F6>rjesson, M., <U+00D6>sterberg, J., & Enander, A. (2011). Risk and safety attitudes among conscripts during compulsory military training. Military psychology, 23(6), 659-684.","Published journal article","necessary risk-taking (measured at Time 3)","Field","Employed Adults","Military","Sweden","389",0.03,"N/A","N/A","necessary risk-taking (measured at Time 3)","3.64","1.26","0.87","Not_Validated","Domain Specific Risk","Self_Report","appropriate safety","5.15","1.1100000000000001","0.6","SAFCOMPLY","Self_Reported",389,-0.14,"4667_1",0.87,0.6,0.0024772787628866,0.00474574475648773,-0.193772786325393,-0.196254187016226,NA,NA,1.875,8,2.625,8.625
10063,2,"H_0239","2022","Acosta, J. S. (2022). Understanding Workplace Uncertainty: Inception, Development, and Preliminary Validation of the Workplace Uncertainty Tolerance Scale (Doctoral dissertation, Auburn University).","Dissertation/Thesis","GRiPS","Online","Employed Adults","Mixed","UNSURE","241",0.465,"33.159999999999997","9.5299999999999994","domain general risk-taking propensity","3.29","0.88","0.94","Validated","General Risk","Self_Report","creativity","5.25","0.88","0.62","CREATIVEP","Self_Reported",241,0.33,"10063_2",0.94,0.62,0.00330858004166667,0.00567704193834363,0.432269076576353,0.462683826197836,NA,NA,3.625,7.875,4.75,8.125
10063,2,"H_0240","2022","Acosta, J. S. (2022). Understanding Workplace Uncertainty: Inception, Development, and Preliminary Validation of the Workplace Uncertainty Tolerance Scale (Doctoral dissertation, Auburn University).","Dissertation/Thesis","GRiPS","Online","Employed Adults","Mixed","UNSURE","241",0.465,"33.159999999999997","9.5299999999999994","domain general risk-taking propensity","3.29","0.88","0.94","Validated","General Risk","Self_Report","reactivity in the face of emergencies","5.45","0.84","0.75","CREATIVEP","Self_Reported",241,0.16,"10063_2",0.94,0.75,0.003956064,0.00561143829787234,0.190557226936132,0.192915328997322,NA,NA,3.125,7.625,4.25,8
10063,2,"H_0243","2022","Acosta, J. S. (2022). Understanding Workplace Uncertainty: Inception, Development, and Preliminary Validation of the Workplace Uncertainty Tolerance Scale (Doctoral dissertation, Auburn University).","Dissertation/Thesis","GRiPS","Online","Employed Adults","Mixed","UNSURE","241",0.465,"33.159999999999997","9.5299999999999994","domain general risk-taking propensity","3.29","0.88","0.94","Validated","General Risk","Self_Report","handling work stress","5.39","0.99","0.78","TASK","Self_Reported",241,0.07,"10063_2",0.94,0.78,0.004125933375,0.00562729592880524,0.0817498212767341,0.0819326672768906,NA,NA,2.375,7.625,3.375,8.125
10063,2,"H_0258","2022","Acosta, J. S. (2022). Understanding Workplace Uncertainty: Inception, Development, and Preliminary Validation of the Workplace Uncertainty Tolerance Scale (Doctoral dissertation, Auburn University).","Dissertation/Thesis","DOSPERT","Online","Employed Adults","Mixed","UNSURE","241",0.465,"33.159999999999997","9.5299999999999994","DOSPERT social","4.9400000000000004","1.23","0.86","Validated","Domain Specific Risk","Self_Report","creativity","5.25","0.88","0.62","CREATIVEP","Self_Reported",241,0.42,"10063_2",0.86,0.62,0.00282632066666667,0.00530067641910478,0.575180587448015,0.655230518201293,NA,NA,3.625,7.875,4.75,8.125
10063,2,"H_0259","2022","Acosta, J. S. (2022). Understanding Workplace Uncertainty: Inception, Development, and Preliminary Validation of the Workplace Uncertainty Tolerance Scale (Doctoral dissertation, Auburn University).","Dissertation/Thesis","DOSPERT","Online","Employed Adults","Mixed","UNSURE","241",0.465,"33.159999999999997","9.5299999999999994","DOSPERT social","4.9400000000000004","1.23","0.86","Validated","Domain Specific Risk","Self_Report","reactivity in the face of emergencies","5.45","0.84","0.75","TASK","Self_Reported",241,0.45,"10063_2",0.86,0.75,0.00265002604166667,0.00410856750645995,0.560315525728221,0.63329298706572,NA,NA,3.125,7.625,4.25,8
10063,2,"H_0260","2022","Acosta, J. S. (2022). Understanding Workplace Uncertainty: Inception, Development, and Preliminary Validation of the Workplace Uncertainty Tolerance Scale (Doctoral dissertation, Auburn University).","Dissertation/Thesis","DOSPERT","Online","Employed Adults","Mixed","UNSURE","241",0.465,"33.159999999999997","9.5299999999999994","DOSPERT social","4.9400000000000004","1.23","0.86","Validated","Domain Specific Risk","Self_Report","interpersonal adaptability","5.45","0.88","0.81","OCB","Self_Reported",241,0.43,"10063_2",0.86,0.81,0.002768283375,0.00397399278639104,0.515201027527539,0.569784542656349,NA,NA,2,8.125,3,8.5
10063,2,"H_0262","2022","Acosta, J. S. (2022). Understanding Workplace Uncertainty: Inception, Development, and Preliminary Validation of the Workplace Uncertainty Tolerance Scale (Doctoral dissertation, Auburn University).","Dissertation/Thesis","DOSPERT","Online","Employed Adults","Mixed","UNSURE","241",0.465,"33.159999999999997","9.5299999999999994","DOSPERT social","4.9400000000000004","1.23","0.86","Validated","Domain Specific Risk","Self_Report","handling work stress","5.39","0.99","0.78","TASK","Self_Reported",241,0.42,"10063_2",0.86,0.78,0.00282632066666667,0.00421335817928841,0.51280560503078,0.566529005328617,NA,NA,2.375,7.625,3.375,8.125
10063,2,"H_0277","2022","Acosta, J. S. (2022). Understanding Workplace Uncertainty: Inception, Development, and Preliminary Validation of the Workplace Uncertainty Tolerance Scale (Doctoral dissertation, Auburn University).","Dissertation/Thesis","DOSPERT","Online","Employed Adults","Mixed","UNSURE","241",0.465,"33.159999999999997","9.5299999999999994","DOSPERT recreational","4.3099999999999996","1.56","0.93","Validated","Domain Specific Risk","Self_Report","creativity","5.25","0.88","0.62","CREATIVEP","Self_Reported",241,0.46,"10063_2",0.93,0.62,0.002589894,0.00449166493236212,0.605787785849603,0.702240184279159,NA,NA,3.625,7.875,4.75,8.125
10063,2,"H_0278","2022","Acosta, J. S. (2022). Understanding Workplace Uncertainty: Inception, Development, and Preliminary Validation of the Workplace Uncertainty Tolerance Scale (Doctoral dissertation, Auburn University).","Dissertation/Thesis","DOSPERT","Online","Employed Adults","Mixed","UNSURE","241",0.465,"33.159999999999997","9.5299999999999994","DOSPERT recreational","4.3099999999999996","1.56","0.93","Validated","Domain Specific Risk","Self_Report","reactivity in the face of emergencies","5.45","0.84","0.75","CREATIVEP","Self_Reported",241,0.34,"10063_2",0.93,0.75,0.003259014,0.00467242150537634,0.40710535126069,0.432136602863497,NA,NA,3.125,7.625,4.25,8
10063,2,"H_0279","2022","Acosta, J. S. (2022). Understanding Workplace Uncertainty: Inception, Development, and Preliminary Validation of the Workplace Uncertainty Tolerance Scale (Doctoral dissertation, Auburn University).","Dissertation/Thesis","DOSPERT","Online","Employed Adults","Mixed","UNSURE","241",0.465,"33.159999999999997","9.5299999999999994","DOSPERT recreational","4.3099999999999996","1.56","0.93","Validated","Domain Specific Risk","Self_Report","interpersonal adaptability","5.45","0.88","0.81","OCB","Self_Reported",241,0.27,"10063_2",0.93,0.81,0.00358131004166667,0.00475416174388247,0.311085508419128,0.321746773622771,NA,NA,2,8.125,3,8.5
10063,2,"H_0281","2022","Acosta, J. S. (2022). Understanding Workplace Uncertainty: Inception, Development, and Preliminary Validation of the Workplace Uncertainty Tolerance Scale (Doctoral dissertation, Auburn University).","Dissertation/Thesis","DOSPERT","Online","Employed Adults","Mixed","UNSURE","241",0.465,"33.159999999999997","9.5299999999999994","DOSPERT recreational","4.3099999999999996","1.56","0.93","Validated","Domain Specific Risk","Self_Report","handling work stress","5.39","0.99","0.78","TASK","Self_Reported",241,0.27,"10063_2",0.93,0.78,0.00358131004166667,0.00493701411864718,0.317011479154356,0.328321182687599,NA,NA,2.375,7.625,3.375,8.125
10063,2,"H_0296","2022","Acosta, J. S. (2022). Understanding Workplace Uncertainty: Inception, Development, and Preliminary Validation of the Workplace Uncertainty Tolerance Scale (Doctoral dissertation, Auburn University).","Dissertation/Thesis","DOSPERT","Online","Employed Adults","Mixed","UNSURE","241",0.465,"33.159999999999997","9.5299999999999994","DOSPERT financial","4.47","1.75","0.91","Validated","Domain Specific Risk","Self_Report","creativity","5.25","0.88","0.62","CREATIVEP","Self_Reported",241,0.48,"10063_2",0.91,0.62,0.00246785066666667,0.00437407066052227,0.639035075501076,0.756541093752557,NA,NA,3.625,7.875,4.75,8.125
10063,2,"H_0297","2022","Acosta, J. S. (2022). Understanding Workplace Uncertainty: Inception, Development, and Preliminary Validation of the Workplace Uncertainty Tolerance Scale (Doctoral dissertation, Auburn University).","Dissertation/Thesis","DOSPERT","Online","Employed Adults","Mixed","UNSURE","241",0.465,"33.159999999999997","9.5299999999999994","DOSPERT financial","4.47","1.75","0.91","Validated","Domain Specific Risk","Self_Report","reactivity in the face of emergencies","5.45","0.84","0.75","CREATIVEP","Self_Reported",241,0.34,"10063_2",0.91,0.75,0.003259014,0.00477511208791209,0.411554722214786,0.437481539662307,NA,NA,3.125,7.625,4.25,8
10063,2,"H_0298","2022","Acosta, J. S. (2022). Understanding Workplace Uncertainty: Inception, Development, and Preliminary Validation of the Workplace Uncertainty Tolerance Scale (Doctoral dissertation, Auburn University).","Dissertation/Thesis","DOSPERT","Online","Employed Adults","Mixed","UNSURE","241",0.465,"33.159999999999997","9.5299999999999994","DOSPERT financial","4.47","1.75","0.91","Validated","Domain Specific Risk","Self_Report","interpersonal adaptability","5.45","0.88","0.81","OCB","Self_Reported",241,0.3,"10063_2",0.91,0.81,0.00345041666666667,0.00468106995884774,0.349428278907306,0.364792368710425,NA,NA,2,8.125,3,8.5
10063,2,"H_0300","2022","Acosta, J. S. (2022). Understanding Workplace Uncertainty: Inception, Development, and Preliminary Validation of the Workplace Uncertainty Tolerance Scale (Doctoral dissertation, Auburn University).","Dissertation/Thesis","DOSPERT","Online","Employed Adults","Mixed","UNSURE","241",0.465,"33.159999999999997","9.5299999999999994","DOSPERT financial","4.47","1.75","0.91","Validated","Domain Specific Risk","Self_Report","handling work stress","5.39","0.99","0.78","TASK","Self_Reported",241,0.31,"10063_2",0.91,0.78,0.003404313375,0.00479615860101437,0.367954142217296,0.386054812276182,NA,NA,2.375,7.625,3.375,8.125
10063,2,"H_0315","2022","Acosta, J. S. (2022). Understanding Workplace Uncertainty: Inception, Development, and Preliminary Validation of the Workplace Uncertainty Tolerance Scale (Doctoral dissertation, Auburn University).","Dissertation/Thesis","DOSPERT","Online","Employed Adults","Mixed","UNSURE","241",0.465,"33.159999999999997","9.5299999999999994","DOSPERT health/safety","4.04","1.82","0.93","Validated","Domain Specific Risk","Self_Report","creativity","5.25","0.88","0.62","CREATIVEP","Self_Reported",241,0.35,"10063_2",0.93,0.62,0.003208359375,0.00556427224245578,0.460925489233394,0.498485805177974,NA,NA,3.625,7.875,4.75,8.125
10063,2,"H_0316","2022","Acosta, J. S. (2022). Understanding Workplace Uncertainty: Inception, Development, and Preliminary Validation of the Workplace Uncertainty Tolerance Scale (Doctoral dissertation, Auburn University).","Dissertation/Thesis","DOSPERT","Online","Employed Adults","Mixed","UNSURE","241",0.465,"33.159999999999997","9.5299999999999994","DOSPERT health/safety","4.04","1.82","0.93","Validated","Domain Specific Risk","Self_Report","reactivity in the face of emergencies","5.45","0.84","0.75","CREATIVEP","Self_Reported",241,0.21,"10063_2",0.93,0.75,0.00380727004166667,0.00545845167264038,0.251447422837485,0.256957326955035,NA,NA,3.125,7.625,4.25,8
10063,2,"H_0317","2022","Acosta, J. S. (2022). Understanding Workplace Uncertainty: Inception, Development, and Preliminary Validation of the Workplace Uncertainty Tolerance Scale (Doctoral dissertation, Auburn University).","Dissertation/Thesis","DOSPERT","Online","Employed Adults","Mixed","UNSURE","241",0.465,"33.159999999999997","9.5299999999999994","DOSPERT health/safety","4.04","1.82","0.93","Validated","Domain Specific Risk","Self_Report","interpersonal adaptability","5.45","0.88","0.81","OCB","Self_Reported",241,0.14,"10063_2",0.93,0.81,0.004004934,0.00531651931501394,0.161303596958066,0.162724829175374,NA,NA,2,8.125,3,8.5
10063,2,"H_0319","2022","Acosta, J. S. (2022). Understanding Workplace Uncertainty: Inception, Development, and Preliminary Validation of the Workplace Uncertainty Tolerance Scale (Doctoral dissertation, Auburn University).","Dissertation/Thesis","DOSPERT","Online","Employed Adults","Mixed","UNSURE","241",0.465,"33.159999999999997","9.5299999999999994","DOSPERT health/safety","4.04","1.82","0.93","Validated","Domain Specific Risk","Self_Report","handling work stress","5.39","0.99","0.78","TASK","Self_Reported",241,0.19,"10063_2",0.93,0.78,0.003871263375,0.00533672921836228,0.22308215199751,0.226897345452198,NA,NA,2.375,7.625,3.375,8.125
10063,2,"H_0334","2022","Acosta, J. S. (2022). Understanding Workplace Uncertainty: Inception, Development, and Preliminary Validation of the Workplace Uncertainty Tolerance Scale (Doctoral dissertation, Auburn University).","Dissertation/Thesis","DOSPERT","Online","Employed Adults","Mixed","UNSURE","241",0.465,"33.159999999999997","9.5299999999999994","DOSPERT ethical","3.98","0.88","0.95","Validated","Domain Specific Risk","Self_Report","creativity","5.25","0.88","0.62","CREATIVEP","Self_Reported",241,0.4,"10063_2",0.95,0.62,0.00294,0.00499151103565365,0.521197524057043,0.577982501807555,NA,NA,3.625,7.875,4.75,8.125
10063,2,"H_0335","2022","Acosta, J. S. (2022). Understanding Workplace Uncertainty: Inception, Development, and Preliminary Validation of the Workplace Uncertainty Tolerance Scale (Doctoral dissertation, Auburn University).","Dissertation/Thesis","DOSPERT","Online","Employed Adults","Mixed","UNSURE","241",0.465,"33.159999999999997","9.5299999999999994","DOSPERT ethical","3.98","0.88","0.95","Validated","Domain Specific Risk","Self_Report","reactivity in the face of emergencies","5.45","0.84","0.75","CREATIVEP","Self_Reported",241,0.18,"10063_2",0.95,0.75,0.00390104066666667,0.00547514479532164,0.213245595993273,0.216569112352025,NA,NA,3.125,7.625,4.25,8
10063,2,"H_0336","2022","Acosta, J. S. (2022). Understanding Workplace Uncertainty: Inception, Development, and Preliminary Validation of the Workplace Uncertainty Tolerance Scale (Doctoral dissertation, Auburn University).","Dissertation/Thesis","DOSPERT","Online","Employed Adults","Mixed","UNSURE","241",0.465,"33.159999999999997","9.5299999999999994","DOSPERT ethical","3.98","0.88","0.95","Validated","Domain Specific Risk","Self_Report","interpersonal adaptability","5.45","0.88","0.81","OCB","Self_Reported",241,0.14,"10063_2",0.95,0.81,0.004004934,0.00520459259259259,0.15959663254658,0.160972758568483,NA,NA,2,8.125,3,8.5
10063,2,"H_0338","2022","Acosta, J. S. (2022). Understanding Workplace Uncertainty: Inception, Development, and Preliminary Validation of the Workplace Uncertainty Tolerance Scale (Doctoral dissertation, Auburn University).","Dissertation/Thesis","DOSPERT","Online","Employed Adults","Mixed","UNSURE","241",0.465,"33.159999999999997","9.5299999999999994","DOSPERT ethical","3.98","0.88","0.95","Validated","Domain Specific Risk","Self_Report","handling work stress","5.39","0.99","0.78","TASK","Self_Reported",241,0.18,"10063_2",0.95,0.78,0.00390104066666667,0.00526456230319388,0.209104510607197,0.212234728172795,NA,NA,2.375,7.625,3.375,8.125
10965,1,"H_0358","2017","Gazzoli, Gabriel. BUT I WANT TO HELP: HOW DO CUSTOMER-ORIENTEDFRONTLINE EMPLOYEES RESPOND WHEN CONSTRAINED FROM HELPINGTHEIR CUSTOMERS? (Doctoral Dissertation, Oklahoma State University)","Dissertation/Thesis","risk aversion","Field","Employed Adults","Nurses","Brazil","675",0.74,"36.6","9.24","risk aversion","3.03","1.1399999999999999","0.92","Not_Validated","Domain Specific Risk","Self_Report","pro-customer rule breaking","2.89","1.08","0.94","POSDEV","Self_Reported",675,-0.05,"10965_1",0.92,0.94,0.00147627040059347,0.00170706568061225,-0.0537665492024175,-0.0538184494496399,81,73,6.75,6,5.75,5
10965,1,"H_0359","2017","Gazzoli, Gabriel. BUT I WANT TO HELP: HOW DO CUSTOMER-ORIENTEDFRONTLINE EMPLOYEES RESPOND WHEN CONSTRAINED FROM HELPINGTHEIR CUSTOMERS? (Doctoral Dissertation, Oklahoma State University)","Dissertation/Thesis","risk aversion","Field","Employed Adults","Nurses","Brazil","675",0.74,"36.6","9.24","risk aversion","3.03","1.1399999999999999","0.92","Not_Validated","Domain Specific Risk","Self_Report","job performance","3.61","0.87","0.95","TASK","Non_SelfReport",675,0.08,"10965_1",0.92,0.95,0.00146474919881306,0.00167591441511791,0.0855725099681116,0.0857823051375802,81,73,1.375,7.75,2.375,8.5
10965,1,"H_0360","2017","Gazzoli, Gabriel. BUT I WANT TO HELP: HOW DO CUSTOMER-ORIENTEDFRONTLINE EMPLOYEES RESPOND WHEN CONSTRAINED FROM HELPINGTHEIR CUSTOMERS? (Doctoral Dissertation, Oklahoma State University)","Dissertation/Thesis","risk aversion","Field","Employed Adults","Nurses","Brazil","675",0.74,"36.6","9.24","risk aversion","3.03","1.1399999999999999","0.92","Not_Validated","Domain Specific Risk","Self_Report","job performance","4.55","0.72","0.93","TASK","Self_Reported",675,-0.04,"10965_1",0.92,0.93,0.00147893554896142,0.00172853617223168,-0.0432438750064411,-0.0432708611123399,81,73,1.375,7.75,2.375,8.5
2260,1,"H_0378","2019","Globocnik, D. (2019). TAKING OR AVOIDING RISK THROUGH SECRET INNOVATION ACTIVITIES<U+2014>THE RELATIONSHIPS AMONG EMPLOYEES<U+2019>RISK PROPENSITY, BOOTLEGGING, AND MANAGEMENT SUPPORT. International Journal of Innovation Management, 23(03), 1950022.","Published journal article","risk propensity scale","Field","Employed Students","Mixed","Austria","92",NA,"39","7.7","risk propensity","2.86","0.64","0.81","Not_Validated","Domain Specific Risk","Self_Report","bootlegged projects","2.0499999999999998","3.95","N/A","CREATIVEP","Self_Reported",92,0.31,"2260_1",0.81,NA,0.0089784089010989,NA,NA,NA,NA,NA,5.875,6.25,5.75,6.125
2260,1,"H_0379","2019","Globocnik, D. (2019). TAKING OR AVOIDING RISK THROUGH SECRET INNOVATION ACTIVITIES<U+2014>THE RELATIONSHIPS AMONG EMPLOYEES<U+2019>RISK PROPENSITY, BOOTLEGGING, AND MANAGEMENT SUPPORT. International Journal of Innovation Management, 23(03), 1950022.","Published journal article","risk propensity scale","Field","Employed Students","Mixed","Austria","92",NA,"39","7.7","risk propensity","2.86","0.64","0.81","Not_Validated","Domain Specific Risk","Self_Report","bypassing official channels","1.28","2.29","N/A","CREATIVEP","Self_Reported",92,0.33,"2260_1",0.81,NA,0.00872592538461539,NA,NA,NA,NA,NA,6.375,5.875,6,5.5
2260,1,"H_0380","2019","Globocnik, D. (2019). TAKING OR AVOIDING RISK THROUGH SECRET INNOVATION ACTIVITIES<U+2014>THE RELATIONSHIPS AMONG EMPLOYEES<U+2019>RISK PROPENSITY, BOOTLEGGING, AND MANAGEMENT SUPPORT. International Journal of Innovation Management, 23(03), 1950022.","Published journal article","risk propensity scale","Field","Employed Students","Mixed","Austria","92",NA,"39","7.7","risk propensity","2.86","0.64","0.81","Not_Validated","Domain Specific Risk","Self_Report","providing own resources","3.43","4.72","N/A","CREATIVEP","Self_Reported",92,0.36,"2260_1",0.81,NA,0.00832523252747253,NA,NA,NA,NA,NA,5.625,6.25,5.5,6.25
1180,1,"K_0006","2019","Zhang, D. C., Highhouse, S., & Nye, C. D. (2019). Development and validation of the general risk propensity scale (GRiPS).<U+00A0>Journal of Behavioral Decision Making,<U+00A0>32(2), 152-167.","Published journal article","GRiPS","Online","Employed Adults","unspecified","N/A","352",0.48,"35","N/A","GRiPS","2.6","0.93","0.94","Validated","General Risk","Self_Report","safety motivation","4.1500000000000004","0.96","0.9","SAFCOMPLY","Self_Reported",352,-0.16,"1180_1",0.94,0.9,0.00270500102564103,0.0031974007395284,-0.173954152814251,-0.175741335230017,NA,NA,1.875,8.25,2.5,8.625
1180,1,"K_0007","2019","Zhang, D. C., Highhouse, S., & Nye, C. D. (2019). Development and validation of the general risk propensity scale (GRiPS).<U+00A0>Journal of Behavioral Decision Making,<U+00A0>32(2), 152-167.","Published journal article","GRiPS","Online","Employed Adults","unspecified","N/A","352",0.48,"35","N/A","GRiPS","2.6","0.93","0.94","Validated","General Risk","Self_Report","counterproductive work behavior","1.59","0.54","0.84","CWB","Self_Reported",352,0.21,"1180_1",0.94,0.84,0.00260326156695157,0.00329693714152934,0.23632829671833,0.240881612955714,NA,NA,7.75,1.5,4.25,1.5
1180,1,"K_0008","2019","Zhang, D. C., Highhouse, S., & Nye, C. D. (2019). Development and validation of the general risk propensity scale (GRiPS).<U+00A0>Journal of Behavioral Decision Making,<U+00A0>32(2), 152-167.","Published journal article","GRiPS","Online","Employed Adults","unspecified","N/A","352",0.48,"35","N/A","GRiPS","2.6","0.93","0.94","Validated","General Risk","Self_Report","job application fabrication","1.06","0.18","0.85","CWB","Self_Reported",352,0.11,"1180_1",0.94,0.85,0.0027804741025641,0.00347994255640063,0.123060675735145,0.123687589449605,NA,NA,7.625,3,5.75,2.25
1180,1,"K_0015","2019","Zhang, D. C., Highhouse, S., & Nye, C. D. (2019). Development and validation of the general risk propensity scale (GRiPS).<U+00A0>Journal of Behavioral Decision Making,<U+00A0>32(2), 152-167.","Published journal article","risk tolerance","Online","Employed Adults","unspecified","N/A","352",0.48,"35","N/A","risk tolerance","1.58","0.28000000000000003","0.67","Not_Validated","Domain Specific Risk","Self_Report","safety motivation","4.1500000000000004","0.96","0.9","SAFCOMPLY","Self_Reported",352,0,"1180_1",0.67,0.9,0.00284900284900285,0.00472471450912579,0,0,NA,NA,1.875,8.25,2.5,8.625
1180,1,"K_0016","2019","Zhang, D. C., Highhouse, S., & Nye, C. D. (2019). Development and validation of the general risk propensity scale (GRiPS).<U+00A0>Journal of Behavioral Decision Making,<U+00A0>32(2), 152-167.","Published journal article","risk tolerance","Online","Employed Adults","unspecified","N/A","352",0.48,"35","N/A","risk tolerance","1.58","0.28000000000000003","0.67","Not_Validated","Domain Specific Risk","Self_Report","counterproductive work behavior","1.59","0.54","0.84","CWB","Self_Reported",352,0.12,"1180_1",0.67,0.84,0.00276754233618234,0.00491745262292526,0.159957350392418,0.161342926315304,NA,NA,7.75,1.5,4.25,1.5
1180,1,"K_0017","2019","Zhang, D. C., Highhouse, S., & Nye, C. D. (2019). Development and validation of the general risk propensity scale (GRiPS).<U+00A0>Journal of Behavioral Decision Making,<U+00A0>32(2), 152-167.","Published journal article","risk tolerance","Online","Employed Adults","unspecified","N/A","352",0.48,"35","N/A","risk tolerance","1.58","0.28000000000000003","0.67","Not_Validated","Domain Specific Risk","Self_Report","job application fabrication","1.06","0.18","0.85","CWB","Self_Reported",352,0.12,"1180_1",0.67,0.85,0.00276754233618234,0.00485960023912614,0.159013640973985,0.160374586490458,NA,NA,7.625,3,5.75,2.25
1180,2,"K_0025","2019","Zhang, D. C., Highhouse, S., & Nye, C. D. (2019). Development and validation of the general risk propensity scale (GRiPS).<U+00A0>Journal of Behavioral Decision Making,<U+00A0>32(2), 152-167.","Published journal article","GRiPS","Field","Employed Adults","entertainment company: ride associate, ride host, admissions associate, and food services associate","N/A","327",0.4,"21","N/A","GRiPS","2.2599999999999998","0.88","0.91","Validated","General Risk","Self_Report","safetly compliance","4.6900000000000004","0.59","0.93","SAFCOMPLY","Self_Reported",327,-0.22,"1180_2",0.91,0.93,0.00277773791411043,0.00328221424330666,-0.23914456235978,-0.243866587664004,59,57,1.875,8.25,2.5,8.625
1180,2,"K_0026","2019","Zhang, D. C., Highhouse, S., & Nye, C. D. (2019). Development and validation of the general risk propensity scale (GRiPS).<U+00A0>Journal of Behavioral Decision Making,<U+00A0>32(2), 152-167.","Published journal article","GRiPS","Field","Employed Adults","entertainment company: ride associate, ride host, admissions associate, and food services associate","N/A","327",0.4,"21","N/A","GRiPS","2.2599999999999998","0.88","0.91","Validated","General Risk","Self_Report","safety participation","4.38","0.79","0.91","SAFCOMPLY","Self_Reported",327,-0.13,"1180_2",0.91,0.91,0.00296467978527607,0.00358009876256017,-0.142857142857143,-0.14384103622589,59,57,1.875,8.375,2.625,8.75
1180,2,"K_0027","2019","Zhang, D. C., Highhouse, S., & Nye, C. D. (2019). Development and validation of the general risk propensity scale (GRiPS).<U+00A0>Journal of Behavioral Decision Making,<U+00A0>32(2), 152-167.","Published journal article","GRiPS","Field","Employed Adults","entertainment company: ride associate, ride host, admissions associate, and food services associate","N/A","327",0.4,"21","N/A","GRiPS","2.2599999999999998","0.88","0.91","Validated","General Risk","Self_Report","work withdrawal","2.1","0.7","0.75","CWB","Self_Reported",327,0.28,"1180_2",0.91,0.75,0.00260535754601227,0.00381737369379087,0.338927418294529,0.352880249293041,59,57,6.5,2.75,5.75,3.25
1267,1,"K_0050","2016","Glaser, L., Stam, W., & Takeuchi, R. (2016). Managing the risks of proactivity: A multilevel study of initiative and performance in the middle management context.<U+00A0>Academy of Management Journal,<U+00A0>59(4), 1339-1360.","Published journal article","risk propensity","Field","Employed Students","managers and executives from logistics service company","Worldwide","383",0.18,"N/A","N/A","risk propensity","4.17","1.24","0.81","Not_Validated","Domain Specific Risk","Self_Report","job performance","3.77","1.1000000000000001","N/A","TASK","Non_SelfReport",383,0,"1267_1",0.81,NA,0.00261780104712042,NA,NA,NA,75,74.5,1.875,8,3,8.75
1369,1,"K_0073","2012","Chow, I. H. S., Ng, I., & Gong, Y. Y. (2012). Risk-taking and relational perspective on turnover intentions.<U+00A0>The International Journal of Human Resource Management,<U+00A0>23(4), 779-792.","Published journal article","risk propensity scale","Field","Employed Adults","23% were in sales and marketing, 15% in accounting and finance, 11% in engineering, and 11% in information technology","Hong Kong China","126",0.457,"32","4.45","risk taking","5.55","0.76","0.77",NA,"General Risk","Self_Report","quit intentions","3.81","1.77","0.95","TRNINT","Self_Reported",126,0.15,"1369_1",0.77,0.95,0.00764405,0.0104498291182502,0.1753816266581,0.177213730472925,80,76.5,6.125,3.5,5.875,3.375
1819,1,"K_0104","2009","Molesworth, B. R., & Chang, B. (2009). Predicting pilots<U+2019> risk-taking behavior through an implicit association test.<U+00A0>Human factors,<U+00A0>51(6), 845-857.","Published journal article","risky flight behavior","Lab","Mixed Adults","general aviation pilot while students","Australia","35",0.229,"20.66","1.59","risky flight behavior","N/A","N/A","0.68","Not_Validated","Domain Specific Risk","Behavioral","safety orientaion","N/A","N/A","N/A","SAFCOMPLY","Self_Reported",35,-0.144,"1819_1",0.68,NA,0.0282046465204706,NA,NA,NA,61,61.5,3.25,6.5,4.125,6.625
1819,1,"K_0121","2009","Molesworth, B. R., & Chang, B. (2009). Predicting pilots<U+2019> risk-taking behavior through an implicit association test.<U+00A0>Human factors,<U+00A0>51(6), 845-857.","Published journal article","risk orientation from ASAS","Lab","Mixed Adults","general aviation pilot while students","Australia","35",0.229,"20.66","1.59","risk orientation","N/A","N/A","N/A","Validated","General Risk","Self_Report","safety orientaion","N/A","N/A","N/A","SAFCOMPLY","Self_Reported",35,0.037,"1819_1",NA,NA,0.0293312904165,NA,NA,NA,61,61.5,3.25,6.5,4.125,6.625
1905,1,"K_0137","2020","Liu, J., Zhao, X., & Zhao, C. (2020). Stimulating and educating engineers to innovate through individual continuous learning.<U+00A0>Sustainability,<U+00A0>12(3), 843.","Published journal article",NA,"Field","Employed Adults","engineer","China","292",0.394,"N/A","N/A","risk tolerance","3.43","0.97","0.82889999999999997","Validated","General Risk","Self_Report","innovation behavior","3.5270000000000001","0.90900000000000003","0.89159999999999995","CREATIVEP","Self_Reported",292,0.493,"1905_1",0.8289,0.8916,0.00196898562337113,0.00266422160425244,0.573470153199051,0.652678201325217,NA,NA,2.875,8.5,4.375,8.75
2247,1,"K_0139","2016","Craig, J. T. (2015).<U+00A0>Antecedents of individual innovative behavior: Examining transformational leadership, creative climate, role ambiguity, risk propensity, and psychological empowerment. Alliant International University.","Dissertation/Thesis","general risk propensity","Online","Employed Adults","Operations, Technology, and Human Resources",NA,"275",0.473,"N/A","N/A","risk propensity","4.91","0.97","0.76","Validated","General Risk","Self_Report","individual innovative behavior","4.43","0.97","0.97","CREATIVEP","Self_Reported",275,0.44,"2247_1",0.76,0.97,0.00237328817518248,0.00321932742157146,0.512460048334938,0.566060268009327,77.5,77.5,3.125,8.125,4.375,8.625
10216,1,"K_0162","1995","Graham, M. E. (1995).<U+00A0>Employee responses to pay policy changes: An organizational justice perspective. Cornell University.","Dissertation/Thesis","risk aversion","Field","Employed Adults","product development, sales and marketing, and administration.","United States","36",0.25,"N/A","N/A","risk aversion","4.91","0.75","N/A","Not_Validated","General Risk","Self_Report","turnover","2.59","1.36",NA,"TRNINT","Self_Reported",36,-0.13,"10216_1",NA,NA,0.0276138745714286,NA,NA,NA,79.5,75.5,6.125,3.5,5.625,3.25
10233,2,"K_0194","2002","Dewett, T. C. (2002).<U+00A0>Differentiating outcomes in employee creativity: Understanding the role of risk in creative performance. Texas A&M University.","Dissertation/Thesis","PBRT","Field","Employed Adults","technical and non technical administrative/white-collar employees","United States","540",NA,"N/A","N/A","performance based risk taking","5.22","1.03","0.91","Not_Validated","Domain Specific Risk","Self_Report","creative outcomes","3.2","1.06","0.96","CREATIVEP","Non_SelfReport",540,0.23,"10233_2",0.91,0.96,0.00166419,0.0019049793956044,0.246077283193775,0.251232928654408,79.5,75.5,2.75,8.5,4.375,8.75
10233,2,"K_0195","2002","Dewett, T. C. (2002).<U+00A0>Differentiating outcomes in employee creativity: Understanding the role of risk in creative performance. Texas A&M University.","Dissertation/Thesis","PBRT","Field","Employed Adults","technical and non technical administrative/white-collar employees","United States","540",NA,"N/A","N/A","performance based risk taking","5.22","1.03","0.91","Not_Validated","Domain Specific Risk","Self_Report","creative outcomes","2.9","1.1299999999999999","0.96","CREATIVEP","Non_SelfReport",540,0.16,"10233_2",0.91,0.96,0.00176151272727273,0.00201638361638362,0.171184197004365,0.172886355738341,79.5,75.5,2.75,8.5,4.375,8.75
10233,2,"K_0209","2002","Dewett, T. C. (2002).<U+00A0>Differentiating outcomes in employee creativity: Understanding the role of risk in creative performance. Texas A&M University.","Dissertation/Thesis","risk propensity","Field","Employed Adults","technical and non technical administrative/white-collar employees","United States","540",NA,"N/A","N/A","risk propensity","3.63","0.97","0.72","Not_Validated","General Risk","Self_Report","creative outcomes","3.2","1.06","0.96","CREATIVEP","Non_SelfReport",540,0.07,"10233_2",0.72,0.96,0.00183715029684601,0.00265791420261286,0.0841969142568204,0.0843967255262406,79.5,75.5,2.75,8.5,4.375,8.75
10233,2,"K_0210","2002","Dewett, T. C. (2002).<U+00A0>Differentiating outcomes in employee creativity: Understanding the role of risk in creative performance. Texas A&M University.","Dissertation/Thesis","risk propensity","Field","Employed Adults","technical and non technical administrative/white-collar employees","United States","540",NA,"N/A","N/A","risk propensity","3.63","0.97","0.72","Not_Validated","General Risk","Self_Report","creative outcomes","2.9","1.1299999999999999","0.96","CREATIVEP","Non_SelfReport",540,0.08,"10233_2",0.72,0.96,0.0018316158812616,0.00264990723562152,0.0962250448649376,0.0965236966850297,79.5,75.5,2.75,8.5,4.375,8.75
11004,1,"K_0244","1995","Roberts, D. S. (1995).<U+00A0>Development and evaluation of a safety culture survey for occupational safety. Virginia Polytechnic Institute and State University.","Dissertation/Thesis",NA,"Field","Employed Adults","employees at a nuclear plant, polyethylene plant, and kit products plant","United States","709",NA,"N/A","N/A","risky life style","N/A","N/A","0.55000000000000004","Not_Validated","General Risk","Self_Report","injury index","N/A","N/A","N/A","SAFINCID","Self_Reported",709,0.19,"11004_1",0.55,NA,0.00131229266949153,NA,NA,NA,55.5,57,5.125,3.5,4.375,4.125
20002,1,"K_0248","2003","Westaby, J. D., & Lee, B. C. (2003). Antecedents of injury among youth in agricultural settings: A longitudinal examination of safety consciousness, dangerous risk taking, and safety knowledge.<U+00A0>Journal of safety research,<U+00A0>34(3), 227-240.","Published journal article","dangerous risk taking scale","Field","Employed Students","student future farmers","United States","8068",0.33,"N/A","N/A","dangerous risk taking","3.24","0.83","0.73","Not_Validated","General Risk","Self_Report","participating in safety activites","1.81","0.82","0.82","SAFCOMPLY","Self_Reported",8068,-0.11,"20002_1",0.73,0.82,0.000120980092971365,0.000202105066774749,-0.142175357482614,-0.143145116070312,71.5,68,2,7.5,3.125,8.125
20002,1,"K_0252","2003","Westaby, J. D., & Lee, B. C. (2003). Antecedents of injury among youth in agricultural settings: A longitudinal examination of safety consciousness, dangerous risk taking, and safety knowledge.<U+00A0>Journal of safety research,<U+00A0>34(3), 227-240.","Published journal article","dangerous risk taking scale","Field","Employed Students","student future farmers","United States","8068",0.33,"N/A","N/A","dangerous risk taking","3.24","0.83","0.73","Not_Validated","General Risk","Self_Report","safety knowledge","2.71","0.86","0.82","SAFCOMPLY","Self_Reported",8068,0.03,"20002_1",0.73,0.82,0.000123738788893021,0.000206713646663917,0.0387750974952583,0.0387945479367771,71.5,68,2,7.625,2.75,8
20002,1,"K_0253","2003","Westaby, J. D., & Lee, B. C. (2003). Antecedents of injury among youth in agricultural settings: A longitudinal examination of safety consciousness, dangerous risk taking, and safety knowledge.<U+00A0>Journal of safety research,<U+00A0>34(3), 227-240.","Published journal article","dangerous risk taking scale","Field","Employed Students","student future farmers","United States","8068",0.33,"N/A","N/A","dangerous risk taking","3.24","0.83","0.73","Not_Validated","General Risk","Self_Report","safety consciousness","1","0.77800000000000002","0.83","SAFCOMPLY","Self_Reported",8068,-0.42,"20002_1",0.73,0.83,8.40854047353415e-05,0.000138777693902198,-0.539571266233763,-0.60355058637928,71.5,68,2,8.125,2.75,8.5
20002,1,"K_0254","2003","Westaby, J. D., & Lee, B. C. (2003). Antecedents of injury among youth in agricultural settings: A longitudinal examination of safety consciousness, dangerous risk taking, and safety knowledge.<U+00A0>Journal of safety research,<U+00A0>34(3), 227-240.","Published journal article","dangerous risk taking scale","Field","Employed Students","student future farmers","United States","8068",0.33,"N/A","N/A","dangerous risk taking","3.24","0.83","0.73","Not_Validated","General Risk","Self_Report","injury","0.67","0.4","0.71","SAFINCID","Self_Reported",8068,0.21,"20002_1",0.73,0.71,0.000113269469443411,0.000218540361650418,0.291694802167303,0.30041768200522,71.5,68,4.875,3.5,4.25,4.125
20002,1,"K_0256","2003","Westaby, J. D., & Lee, B. C. (2003). Antecedents of injury among youth in agricultural settings: A longitudinal examination of safety consciousness, dangerous risk taking, and safety knowledge.<U+00A0>Journal of safety research,<U+00A0>34(3), 227-240.","Published journal article","dangerous risk taking scale","Field","Employed Students","student future farmers","United States","5296",0.33,"N/A","N/A","dangerous risk taking","3.23","0.82","0.77","Not_Validated","General Risk","Self_Report","participating in safety activites","2","0.9","0.85","SAFCOMPLY","Self_Reported",5296,-0.07,"20002_1",0.77,0.85,0.000187011144475921,0.000285731313179405,-0.0865253200863353,-0.086742222961271,71.5,68,2,7.5,3.125,8.125
20002,1,"K_0260","2003","Westaby, J. D., & Lee, B. C. (2003). Antecedents of injury among youth in agricultural settings: A longitudinal examination of safety consciousness, dangerous risk taking, and safety knowledge.<U+00A0>Journal of safety research,<U+00A0>34(3), 227-240.","Published journal article","dangerous risk taking scale","Field","Employed Students","student future farmers","United States","5296",0.33,"N/A","N/A","dangerous risk taking","3.23","0.82","0.77","Not_Validated","General Risk","Self_Report","safety knowledge","2.69","0.84","0.83","SAFCOMPLY","Self_Reported",5296,0.04,"20002_1",0.77,0.83,0.000188253552407932,0.000294560401201583,0.0500351933723627,0.050077010917049,71.5,68,2,7.625,2.75,8
20002,1,"K_0261","2003","Westaby, J. D., & Lee, B. C. (2003). Antecedents of injury among youth in agricultural settings: A longitudinal examination of safety consciousness, dangerous risk taking, and safety knowledge.<U+00A0>Journal of safety research,<U+00A0>34(3), 227-240.","Published journal article","dangerous risk taking scale","Field","Employed Students","student future farmers","United States","5296",0.33,"N/A","N/A","dangerous risk taking","3.23","0.82","0.77","Not_Validated","General Risk","Self_Report","safety consciousness","2.98","0.77","0.85","SAFCOMPLY","Self_Reported",5296,-0.41,"20002_1",0.77,0.85,0.000130700209631728,0.000199694743516773,-0.506791160505678,-0.558402457765681,71.5,68,2,8.125,2.75,8.5
20002,1,"K_0262","2003","Westaby, J. D., & Lee, B. C. (2003). Antecedents of injury among youth in agricultural settings: A longitudinal examination of safety consciousness, dangerous risk taking, and safety knowledge.<U+00A0>Journal of safety research,<U+00A0>34(3), 227-240.","Published journal article","dangerous risk taking scale","Field","Employed Students","student future farmers","United States","5296",0.33,"N/A","N/A","dangerous risk taking","3.23","0.82","0.77","Not_Validated","General Risk","Self_Report","injury","0.7","0.39","0.71","SAFINCID","Self_Reported",5296,0.18,"20002_1",0.77,0.71,0.00017681770727101,0.000323427304318658,0.243443379419094,0.248431176547134,71.5,68,4.875,3.5,4.25,4.125
2544,1,"TC_001","2020","Green, Sean-Michael","Dissertation/Thesis","risk propensity scale","Online","Employed Adults","chief enrollment officers at U.S. colleges and universities listed by Carnegie Classifications (2019)","US","196",NA,"N/A","N/A","Risk propensity","5.03","0.95","0.81","Validated","General Risk","Self_Report","Innovation","6.13","0.72","Unsure (.82?)","CREATIVEP","Self_Reported",196,0.491,"2544_1",0.81,NA,0.00295363101826154,NA,NA,NA,86.5,79,3,8.5,4.375,8.75
2895,1,"TC_054","2012","Aeling, Kevin R. 2012","Dissertation/Thesis",NA,"Field","Employed Adults","N/A","N/A","99",0.63,"26-35","N/A","Risk Propensity","2.7","0.59","0.74","Validated","General Risk","Self_Report","integrity","2.89","0.68","0.71","CWB","Self_Reported",99,-0.03,"2895_1",0.74,0.71,0.0101857225510204,0.0193866055405794,-0.041388169640853,-0.0414118263367249,NA,NA,6.5,3.125,4.875,3.125
3224,1,"TC_063","2022","Hagemann, V; Heinemann, L; Peifer, C; Aust, F; Holtz, M (2022)","Published journal article","Risky Decision Making (Item 4)","Field","Employed Adults","Fire FIghter","U.S","340",0.05,"40.19","11.09","Risky Decision Making","3.57","0.99","N/A","Not_Validated","Domain Specific Risk","Self_Report","goal conflicts","2.82","0.7","0.74","SAFCOMPLY","Self_Reported",340,-0.19,"3224_1",NA,0.74,0.00274071743362832,NA,NA,NA,69,75.5,6.5,4.5,6.5,4.5
3224,1,"TC_071","2022","Hagemann, V; Heinemann, L; Peifer, C; Aust, F; Holtz, M (2022)","Published journal article","Risky Decision Making (Item 5)","Field","Employed Adults","Fire FIghter","U.S","340",0.05,"40.19","11.09","Risky Decision Making","4.14","0.94","N/A","Not_Validated","Domain Specific Risk","Self_Report","goal conflicts","2.82","0.7","0.74","SAFCOMPLY","Self_Reported",340,-0.18,"3224_1",NA,0.74,0.0027617987020649,NA,NA,NA,69,75.5,6.5,4.5,6.5,4.5
2500,1,"TC_076","2013","Gong, Yuanyuan","Dissertation/Thesis","Risk Propensity","Field","Employed Adults","Firm employees","Beijing/Shanghai","165",0.4,"27.5","6.8","Risk Propensity","3.61","0.53","0.63","Validated","General Risk","Self_Report","Turnover intention","1.9","0.88","0.92","TRNINT","Self_Reported",165,-0.05,"2500_1",0.63,0.92,0.00606711128048781,0.0104677558324496,-0.0656758671865917,-0.0657705393185412,60.5,52,6.125,3.5,5.875,3.375
